Timestamp,Distance_m,RSSI,ActiveLink,WiFi_Loss,LoRa_Loss,Mode
1760452268.517,0.00,-50.00,Wi-Fi,0.01,0.05,SINGLE_WIFI
1760452269.016,0.00,-50.00,Wi-Fi,0.01,0.05,SINGLE_WIFI
1760452269.517,8.30,-50.00,Wi-Fi,0.01,0.05,SINGLE_WIFI
1760452270.018,16.59,-50.00,Wi-Fi,0.01,0.05,SINGLE_WIFI
1760452270.519,24.89,-50.00,Wi-Fi,0.01,0.05,SINGLE_WIFI
1760452271.020,33.19,-50.00,Wi-Fi,0.01,0.05,SINGLE_WIFI
1760452271.521,41.48,-50.00,Wi-Fi,0.01,0.05,SINGLE_WIFI
1760452272.021,49.78,-50.00,Wi-Fi,0.01,0.05,SINGLE_WIFI
1760452272.522,58.08,-57.26,Wi-Fi,0.01,0.05,SINGLE_WIFI
1760452273.023,66.37,-58.30,Wi-Fi,0.01,0.05,SINGLE_WIFI
1760452273.522,74.67,-59.33,Wi-Fi,0.01,0.05,SINGLE_WIFI
1760452274.022,82.97,-60.37,LoRa,0.01,0.05,DROPPED_BY_IM
1760452274.524,91.26,-61.41,LoRa,0.01,0.05,DROPPED_BY_IM
1760452275.024,99.56,-62.44,LoRa,0.01,0.05,DROPPED_BY_IM
1760452275.525,107.86,-63.48,LoRa,0.01,0.05,DROPPED_BY_IM
1760452276.025,116.15,-64.52,LoRa,0.01,0.05,DROPPED_BY_IM
1760452276.526,124.45,-65.56,LoRa,1.00,0.05,DROPPED_BY_IM
1760452277.027,132.75,-66.59,LoRa,1.00,0.05,DROPPED_BY_IM
1760452277.527,141.04,-67.63,LoRa,1.00,0.05,DROPPED_BY_IM
1760452278.027,149.34,-68.67,LoRa,1.00,0.05,DROPPED_BY_IM
1760452278.528,157.64,-69.70,LoRa,1.00,0.05,DROPPED_BY_IM
1760452279.029,165.93,-70.74,LoRa,1.00,0.05,DROPPED_BY_IM
1760452279.529,174.23,-71.78,LoRa,1.00,0.05,DROPPED_BY_IM
1760452280.030,182.53,-72.82,LoRa,1.00,0.05,DROPPED_BY_IM
1760452280.530,190.82,-73.85,LoRa,1.00,0.05,DROPPED_BY_IM
1760452281.030,199.12,-74.89,LoRa,1.00,0.05,DROPPED_BY_IM
1760452281.530,207.42,-75.93,LoRa,1.00,0.05,DROPPED_BY_IM
1760452282.032,215.71,-76.96,LoRa,1.00,0.05,DROPPED_BY_IM
1760452282.531,224.01,-78.00,LoRa,1.00,0.05,DROPPED_BY_IM
1760452283.031,232.31,-79.04,LoRa,1.00,0.05,DROPPED_BY_IM
1760452283.532,240.60,-80.08,LoRa,1.00,0.05,DROPPED_BY_IM
1760452284.033,248.90,-81.11,LoRa,1.00,0.05,DROPPED_BY_IM
1760452284.532,257.20,-82.15,LoRa,1.00,0.05,DROPPED_BY_IM
1760452285.033,265.49,-83.19,LoRa,1.00,0.05,DROPPED_BY_IM
1760452285.535,273.79,-84.22,LoRa,1.00,0.05,DROPPED_BY_IM
1760452286.034,282.09,-85.26,LoRa,1.00,0.05,DROPPED_BY_IM
1760452286.535,290.38,-86.30,LoRa,1.00,0.05,DROPPED_BY_IM
1760452287.035,298.68,-87.33,LoRa,1.00,0.05,DROPPED_BY_IM
1760452287.535,306.98,-88.37,LoRa,1.00,0.05,DROPPED_BY_IM
1760452288.036,315.27,-89.41,LoRa,1.00,0.05,DROPPED_BY_IM
1760452288.536,323.57,-90.45,LoRa,1.00,0.05,DROPPED_BY_IM
1760452289.037,331.87,-91.48,LoRa,1.00,0.05,DROPPED_BY_IM
1760452289.538,0.00,-50.00,Wi-Fi,0.01,0.05,SINGLE_WIFI
1760452290.037,8.30,-50.00,Wi-Fi,0.01,0.05,SINGLE_WIFI
1760452290.539,16.59,-50.00,Wi-Fi,0.01,0.05,SINGLE_WIFI
1760452291.039,24.89,-50.00,Wi-Fi,0.01,0.05,SINGLE_WIFI
1760452291.539,33.19,-50.00,Wi-Fi,0.01,0.05,SINGLE_WIFI
1760452292.041,41.48,-50.00,Wi-Fi,0.01,0.05,SINGLE_WIFI
1760452292.541,49.78,-50.00,Wi-Fi,0.01,0.05,SINGLE_WIFI
1760452293.041,58.08,-57.26,Wi-Fi,0.01,0.05,SINGLE_WIFI
1760452293.542,66.37,-58.30,Wi-Fi,0.01,0.05,SINGLE_WIFI
1760452294.042,74.67,-59.33,Wi-Fi,0.01,0.05,SINGLE_WIFI
1760452294.542,82.97,-60.37,LoRa,0.01,0.05,DROPPED_BY_IM
1760452295.043,91.26,-61.41,LoRa,0.01,0.05,DROPPED_BY_IM
1760452295.544,99.56,-62.44,LoRa,0.01,0.05,DROPPED_BY_IM
1760452296.044,107.86,-63.48,LoRa,0.01,0.05,DROPPED_BY_IM
1760452296.544,116.15,-64.52,LoRa,0.01,0.05,DROPPED_BY_IM
1760452297.046,124.45,-65.56,LoRa,1.00,0.05,DROPPED_BY_IM
1760452297.546,132.75,-66.59,LoRa,1.00,0.05,DROPPED_BY_IM
1760452298.047,141.04,-67.63,LoRa,1.00,0.05,DROPPED_BY_IM
1760452298.547,149.34,-68.67,LoRa,1.00,0.05,DROPPED_BY_IM
1760452299.047,157.64,-69.70,LoRa,1.00,0.05,DROPPED_BY_IM
1760452299.548,165.93,-70.74,LoRa,1.00,0.05,DROPPED_BY_IM
1760452300.050,174.23,-71.78,LoRa,1.00,0.05,DROPPED_BY_IM
1760452300.549,182.53,-72.82,LoRa,1.00,0.05,DROPPED_BY_IM
1760452301.051,190.82,-73.85,LoRa,1.00,0.05,DROPPED_BY_IM
1760452301.551,199.12,-74.89,LoRa,1.00,0.05,DROPPED_BY_IM
1760452302.052,207.42,-75.93,LoRa,1.00,0.05,DROPPED_BY_IM
1760452302.552,215.71,-76.96,LoRa,1.00,0.05,DROPPED_BY_IM
1760452303.052,224.01,-78.00,LoRa,1.00,0.05,DROPPED_BY_IM
1760452303.552,232.31,-79.04,LoRa,1.00,0.05,DROPPED_BY_IM
1760452304.052,240.60,-80.08,LoRa,1.00,0.05,DROPPED_BY_IM
1760452304.552,248.90,-81.11,LoRa,1.00,0.05,DROPPED_BY_IM
1760452305.053,257.20,-82.15,LoRa,1.00,0.05,DROPPED_BY_IM
1760452305.554,265.49,-83.19,LoRa,1.00,0.05,DROPPED_BY_IM
1760452306.055,273.79,-84.22,LoRa,1.00,0.05,DROPPED_BY_IM
1760452306.556,282.09,-85.26,LoRa,1.00,0.05,DROPPED_BY_IM
1760452307.056,290.38,-86.30,LoRa,1.00,0.05,DROPPED_BY_IM
1760452307.556,298.68,-87.33,LoRa,1.00,0.05,DROPPED_BY_IM
1760452308.057,306.98,-88.37,LoRa,1.00,0.05,DROPPED_BY_IM
1760452308.558,315.27,-89.41,LoRa,1.00,0.05,DROPPED_BY_IM
1760452309.057,323.57,-90.45,LoRa,1.00,0.05,DROPPED_BY_IM
1760452309.560,315.27,-89.41,LoRa,1.00,0.05,DROPPED_BY_IM
1760452310.060,306.98,-88.37,LoRa,1.00,0.05,DROPPED_BY_IM
1760452310.561,298.68,-87.33,LoRa,1.00,0.05,DROPPED_BY_IM
1760452311.061,290.38,-86.30,LoRa,1.00,0.05,DROPPED_BY_IM
1760452311.560,282.09,-85.26,LoRa,1.00,0.05,DROPPED_BY_IM
1760452312.062,273.79,-84.22,LoRa,1.00,0.05,DROPPED_BY_IM
1760452312.563,265.49,-83.19,LoRa,1.00,0.05,DROPPED_BY_IM
1760452313.062,257.20,-82.15,LoRa,1.00,0.05,DROPPED_BY_IM
1760452313.562,248.90,-81.11,LoRa,1.00,0.05,DROPPED_BY_IM
1760452314.064,240.60,-80.08,LoRa,1.00,0.05,DROPPED_BY_IM
1760452314.563,232.31,-79.04,LoRa,1.00,0.05,DROPPED_BY_IM
1760452315.065,224.01,-78.00,LoRa,1.00,0.05,DROPPED_BY_IM
1760452315.564,215.71,-76.96,LoRa,1.00,0.05,DROPPED_BY_IM
1760452316.066,207.42,-75.93,LoRa,1.00,0.05,DROPPED_BY_IM
1760452316.565,199.12,-74.89,LoRa,1.00,0.05,DROPPED_BY_IM
1760452317.066,190.82,-73.85,LoRa,1.00,0.05,DROPPED_BY_IM
1760452317.567,182.53,-72.82,LoRa,1.00,0.05,DROPPED_BY_IM
1760452318.068,174.23,-71.78,LoRa,1.00,0.05,DROPPED_BY_IM
1760452318.568,165.93,-70.74,LoRa,1.00,0.05,DROPPED_BY_IM
1760452319.069,157.64,-69.70,LoRa,1.00,0.05,DROPPED_BY_IM
1760452319.569,149.34,-68.67,LoRa,1.00,0.05,DROPPED_BY_IM
1760452320.069,141.04,-67.63,LoRa,1.00,0.05,DROPPED_BY_IM
1760452320.570,132.75,-66.59,LoRa,1.00,0.05,DROPPED_BY_IM
1760452321.071,124.45,-65.56,LoRa,1.00,0.05,DROPPED_BY_IM
1760452321.571,116.15,-64.52,LoRa,0.01,0.05,DROPPED_BY_IM
1760452322.072,107.86,-63.48,LoRa,0.01,0.05,DROPPED_BY_IM
1760452322.572,99.56,-62.44,LoRa,0.01,0.05,DROPPED_BY_IM
1760452323.073,91.26,-61.41,LoRa,0.01,0.05,DROPPED_BY_IM
1760452323.574,82.97,-60.37,LoRa,0.01,0.05,DROPPED_BY_IM
1760452324.073,74.67,-59.33,LoRa,0.01,0.05,DROPPED_BY_IM
1760452324.575,66.37,-58.30,LoRa,0.01,0.05,DROPPED_BY_IM
1760452325.075,58.08,-57.26,LoRa,0.01,0.05,DROPPED_BY_IM
1760452325.574,49.78,-50.00,Wi-Fi,0.01,0.05,SINGLE_WIFI
1760452326.076,41.48,-50.00,Wi-Fi,0.01,0.05,SINGLE_WIFI
1760452326.577,33.19,-50.00,Wi-Fi,0.01,0.05,SINGLE_WIFI
1760452327.078,24.89,-50.00,Wi-Fi,0.01,0.05,SINGLE_WIFI
1760452327.577,16.59,-50.00,Wi-Fi,0.01,0.05,SINGLE_WIFI
1760452328.079,8.30,-50.00,Wi-Fi,0.01,0.05,SINGLE_WIFI
1760452328.579,0.00,-50.00,Wi-Fi,0.01,0.05,SINGLE_WIFI
1760452329.079,8.30,-50.00,Wi-Fi,0.01,0.05,SINGLE_WIFI
1760452329.581,0.00,-50.00,Wi-Fi,0.01,0.05,SINGLE_WIFI
1760452330.081,8.30,-50.00,Wi-Fi,0.01,0.05,SINGLE_WIFI
1760452330.581,16.59,-50.00,Wi-Fi,0.01,0.05,SINGLE_WIFI
1760452331.081,24.89,-50.00,Wi-Fi,0.01,0.05,SINGLE_WIFI
1760452331.582,33.19,-50.00,Wi-Fi,0.01,0.05,SINGLE_WIFI
1760452332.083,41.48,-50.00,Wi-Fi,0.01,0.05,SINGLE_WIFI
1760452332.584,49.78,-50.00,Wi-Fi,0.01,0.05,SINGLE_WIFI
1760452333.083,58.08,-57.26,Wi-Fi,0.01,0.05,SINGLE_WIFI
1760452333.586,66.37,-58.30,Wi-Fi,0.01,0.05,SINGLE_WIFI
1760452334.086,74.67,-59.33,Wi-Fi,0.01,0.05,SINGLE_WIFI
1760452334.587,82.97,-60.37,LoRa,0.01,0.05,DROPPED_BY_IM
1760452335.087,91.26,-61.41,LoRa,0.01,0.05,DROPPED_BY_IM
1760452335.587,99.56,-62.44,LoRa,0.01,0.05,DROPPED_BY_IM
1760452336.087,107.86,-63.48,LoRa,0.01,0.05,DROPPED_BY_IM
1760452336.587,116.15,-64.52,LoRa,0.01,0.05,DROPPED_BY_IM
1760452337.089,124.45,-65.56,LoRa,1.00,0.05,DROPPED_BY_IM
1760452337.588,132.75,-66.59,LoRa,1.00,0.05,DROPPED_BY_IM
1760452338.089,141.04,-67.63,LoRa,1.00,0.05,DROPPED_BY_IM
1760452338.590,149.34,-68.67,LoRa,1.00,0.05,DROPPED_BY_IM
1760452339.090,157.64,-69.70,LoRa,1.00,0.05,DROPPED_BY_IM
1760452339.590,165.93,-70.74,LoRa,1.00,0.05,DROPPED_BY_IM
1760452340.090,174.23,-71.78,LoRa,1.00,0.05,DROPPED_BY_IM
1760452340.593,182.53,-72.82,LoRa,1.00,0.05,DROPPED_BY_IM
1760452341.091,190.82,-73.85,LoRa,1.00,0.05,DROPPED_BY_IM
1760452341.592,199.12,-74.89,LoRa,1.00,0.05,DROPPED_BY_IM
1760452342.093,207.42,-75.93,LoRa,1.00,0.05,DROPPED_BY_IM
1760452342.593,215.71,-76.96,LoRa,1.00,0.05,DROPPED_BY_IM
1760452343.093,224.01,-78.00,LoRa,1.00,0.05,DROPPED_BY_IM
1760452343.594,232.31,-79.04,LoRa,1.00,0.05,DROPPED_BY_IM
1760452344.094,240.60,-80.08,LoRa,1.00,0.05,DROPPED_BY_IM
1760452344.595,248.90,-81.11,LoRa,1.00,0.05,DROPPED_BY_IM
1760452345.097,257.20,-82.15,LoRa,1.00,0.05,DROPPED_BY_IM
1760452345.597,265.49,-83.19,LoRa,1.00,0.05,DROPPED_BY_IM
1760452346.098,273.79,-84.22,LoRa,1.00,0.05,DROPPED_BY_IM
1760452346.598,282.09,-85.26,LoRa,1.00,0.05,DROPPED_BY_IM
1760452347.098,290.38,-86.30,LoRa,1.00,0.05,DROPPED_BY_IM
1760452347.599,298.68,-87.33,LoRa,1.00,0.05,DROPPED_BY_IM
1760452348.100,306.98,-88.37,LoRa,1.00,0.05,DROPPED_BY_IM
1760452348.599,315.27,-89.41,LoRa,1.00,0.05,DROPPED_BY_IM
1760452349.100,323.57,-90.45,LoRa,1.00,0.05,DROPPED_BY_IM
1760452349.600,315.27,-89.41,LoRa,1.00,0.05,DROPPED_BY_IM
1760452350.101,306.98,-88.37,LoRa,1.00,0.05,DROPPED_BY_IM
1760452350.602,298.68,-87.33,LoRa,1.00,0.05,DROPPED_BY_IM
1760452351.101,290.38,-86.30,LoRa,1.00,0.05,DROPPED_BY_IM
1760452351.603,282.09,-85.26,LoRa,1.00,0.05,DROPPED_BY_IM
1760452352.103,273.79,-84.22,LoRa,1.00,0.05,DROPPED_BY_IM
1760452352.604,265.49,-83.19,LoRa,1.00,0.05,DROPPED_BY_IM
1760452353.104,257.20,-82.15,LoRa,1.00,0.05,DROPPED_BY_IM
1760452353.604,248.90,-81.11,LoRa,1.00,0.05,DROPPED_BY_IM
1760452354.105,240.60,-80.08,LoRa,1.00,0.05,DROPPED_BY_IM
1760452354.604,232.31,-79.04,LoRa,1.00,0.05,DROPPED_BY_IM
1760452355.106,224.01,-78.00,LoRa,1.00,0.05,DROPPED_BY_IM
1760452355.607,215.71,-76.96,LoRa,1.00,0.05,DROPPED_BY_IM
1760452356.106,207.42,-75.93,LoRa,1.00,0.05,DROPPED_BY_IM
1760452356.608,199.12,-74.89,LoRa,1.00,0.05,DROPPED_BY_IM
1760452357.108,190.82,-73.85,LoRa,1.00,0.05,DROPPED_BY_IM
1760452357.608,182.53,-72.82,LoRa,1.00,0.05,DROPPED_BY_IM
1760452358.110,174.23,-71.78,LoRa,1.00,0.05,DROPPED_BY_IM
1760452358.611,165.93,-70.74,LoRa,1.00,0.05,DROPPED_BY_IM
1760452359.112,157.64,-69.70,LoRa,1.00,0.05,DROPPED_BY_IM
1760452359.612,149.34,-68.67,LoRa,1.00,0.05,DROPPED_BY_IM
1760452360.112,141.04,-67.63,LoRa,1.00,0.05,DROPPED_BY_IM
1760452360.613,132.75,-66.59,LoRa,1.00,0.05,DROPPED_BY_IM
1760452361.114,124.45,-65.56,LoRa,1.00,0.05,DROPPED_BY_IM
1760452361.614,116.15,-64.52,LoRa,0.01,0.05,DROPPED_BY_IM
1760452362.115,107.86,-63.48,LoRa,0.01,0.05,DROPPED_BY_IM
1760452362.615,99.56,-62.44,LoRa,0.01,0.05,DROPPED_BY_IM
1760452363.116,91.26,-61.41,LoRa,0.01,0.05,DROPPED_BY_IM
1760452363.616,82.97,-60.37,LoRa,0.01,0.05,DROPPED_BY_IM
1760452364.117,74.67,-59.33,LoRa,0.01,0.05,DROPPED_BY_IM
1760452364.616,66.37,-58.30,LoRa,0.01,0.05,DROPPED_BY_IM
1760452365.118,58.08,-57.26,LoRa,0.01,0.05,DROPPED_BY_IM
1760452365.617,49.78,-50.00,Wi-Fi,0.01,0.05,SINGLE_WIFI
1760452366.119,41.48,-50.00,Wi-Fi,0.01,0.05,SINGLE_WIFI
1760452366.618,33.19,-50.00,Wi-Fi,0.01,0.05,SINGLE_WIFI
1760452367.119,24.89,-50.00,Wi-Fi,0.01,0.05,SINGLE_WIFI
1760452367.619,16.59,-50.00,Wi-Fi,0.01,0.05,SINGLE_WIFI
1760452368.121,8.30,-50.00,Wi-Fi,0.01,0.05,SINGLE_WIFI
1760452368.621,0.00,-50.00,Wi-Fi,0.01,0.05,SINGLE_WIFI
1760452369.121,8.30,-50.00,Wi-Fi,0.01,0.05,SINGLE_WIFI
1760452369.622,0.00,-50.00,Wi-Fi,0.01,0.05,SINGLE_WIFI
1760452370.123,8.30,-50.00,Wi-Fi,0.01,0.05,SINGLE_WIFI
1760452370.623,16.59,-50.00,Wi-Fi,0.01,0.05,SINGLE_WIFI
1760452371.124,24.89,-50.00,Wi-Fi,0.01,0.05,SINGLE_WIFI
1760452371.624,33.19,-50.00,Wi-Fi,0.01,0.05,SINGLE_WIFI
1760452372.124,41.48,-50.00,Wi-Fi,0.01,0.05,SINGLE_WIFI
1760452372.625,49.78,-50.00,Wi-Fi,0.01,0.05,SINGLE_WIFI
1760452373.126,58.08,-57.26,Wi-Fi,0.01,0.05,SINGLE_WIFI
1760452373.626,66.37,-58.30,Wi-Fi,0.01,0.05,SINGLE_WIFI
1760452374.127,74.67,-59.33,Wi-Fi,0.01,0.05,SINGLE_WIFI
1760452374.627,82.97,-60.37,LoRa,0.01,0.05,DROPPED_BY_IM
1760452375.126,91.26,-61.41,LoRa,0.01,0.05,DROPPED_BY_IM
1760452375.627,99.56,-62.44,LoRa,0.01,0.05,DROPPED_BY_IM
1760452376.129,107.86,-63.48,LoRa,0.01,0.05,DROPPED_BY_IM
1760452376.628,116.15,-64.52,LoRa,0.01,0.05,DROPPED_BY_IM
1760452377.129,124.45,-65.56,LoRa,1.00,0.05,DROPPED_BY_IM
1760452377.630,132.75,-66.59,LoRa,1.00,0.05,DROPPED_BY_IM
1760452378.130,141.04,-67.63,LoRa,1.00,0.05,DROPPED_BY_IM
1760452378.631,149.34,-68.67,LoRa,1.00,0.05,DROPPED_BY_IM
1760452379.130,157.64,-69.70,LoRa,1.00,0.05,DROPPED_BY_IM
1760452379.631,165.93,-70.74,LoRa,1.00,0.05,DROPPED_BY_IM
1760452380.133,174.23,-71.78,LoRa,1.00,0.05,DROPPED_BY_IM
1760452380.634,182.53,-72.82,LoRa,1.00,0.05,DROPPED_BY_IM
1760452381.132,190.82,-73.85,LoRa,1.00,0.05,DROPPED_BY_IM
1760452381.634,199.12,-74.89,LoRa,1.00,0.05,DROPPED_BY_IM
1760452382.134,207.42,-75.93,LoRa,1.00,0.05,DROPPED_BY_IM
1760452382.635,215.71,-76.96,LoRa,1.00,0.05,DROPPED_BY_IM
1760452383.136,224.01,-78.00,LoRa,1.00,0.05,DROPPED_BY_IM
1760452383.636,232.31,-79.04,LoRa,1.00,0.05,DROPPED_BY_IM
1760452384.137,240.60,-80.08,LoRa,1.00,0.05,DROPPED_BY_IM
1760452384.637,248.90,-81.11,LoRa,1.00,0.05,DROPPED_BY_IM
1760452385.137,257.20,-82.15,LoRa,1.00,0.05,DROPPED_BY_IM
1760452385.638,265.49,-83.19,LoRa,1.00,0.05,DROPPED_BY_IM
1760452386.138,273.79,-84.22,LoRa,1.00,0.05,DROPPED_BY_IM
1760452386.639,282.09,-85.26,LoRa,1.00,0.05,DROPPED_BY_IM
1760452387.139,290.38,-86.30,LoRa,1.00,0.05,DROPPED_BY_IM
1760452387.639,298.68,-87.33,LoRa,1.00,0.05,DROPPED_BY_IM
1760452388.139,306.98,-88.37,LoRa,1.00,0.05,DROPPED_BY_IM
1760452388.641,315.27,-89.41,LoRa,1.00,0.05,DROPPED_BY_IM
1760452389.140,323.57,-90.45,LoRa,1.00,0.05,DROPPED_BY_IM
1760452389.641,315.27,-89.41,LoRa,1.00,0.05,DROPPED_BY_IM
1760452390.142,306.98,-88.37,LoRa,1.00,0.05,DROPPED_BY_IM
1760452390.643,298.68,-87.33,LoRa,1.00,0.05,DROPPED_BY_IM
1760452391.144,290.38,-86.30,LoRa,1.00,0.05,DROPPED_BY_IM
1760452391.644,282.09,-85.26,LoRa,1.00,0.05,DROPPED_BY_IM
1760452392.144,273.79,-84.22,LoRa,1.00,0.05,DROPPED_BY_IM
1760452392.645,265.49,-83.19,LoRa,1.00,0.05,DROPPED_BY_IM
1760452393.145,257.20,-82.15,LoRa,1.00,0.05,DROPPED_BY_IM
1760452393.646,248.90,-81.11,LoRa,1.00,0.05,DROPPED_BY_IM
1760452394.146,240.60,-80.08,LoRa,1.00,0.05,DROPPED_BY_IM
1760452394.646,232.31,-79.04,LoRa,1.00,0.05,DROPPED_BY_IM
1760452395.146,224.01,-78.00,LoRa,1.00,0.05,DROPPED_BY_IM
1760452395.647,215.71,-76.96,LoRa,1.00,0.05,DROPPED_BY_IM
1760452396.149,207.42,-75.93,LoRa,1.00,0.05,DROPPED_BY_IM
1760452396.649,199.12,-74.89,LoRa,1.00,0.05,DROPPED_BY_IM
1760452397.149,190.82,-73.85,LoRa,1.00,0.05,DROPPED_BY_IM
1760452397.649,182.53,-72.82,LoRa,1.00,0.05,DROPPED_BY_IM
1760452398.150,174.23,-71.78,LoRa,1.00,0.05,DROPPED_BY_IM
1760452398.650,165.93,-70.74,LoRa,1.00,0.05,DROPPED_BY_IM
1760452399.152,157.64,-69.70,LoRa,1.00,0.05,DROPPED_BY_IM
1760452399.652,149.34,-68.67,LoRa,1.00,0.05,DROPPED_BY_IM
1760452400.153,141.04,-67.63,LoRa,1.00,0.05,DROPPED_BY_IM
1760452400.652,132.75,-66.59,LoRa,1.00,0.05,DROPPED_BY_IM
1760452401.154,124.45,-65.56,LoRa,1.00,0.05,DROPPED_BY_IM
1760452401.653,116.15,-64.52,LoRa,0.01,0.05,DROPPED_BY_IM
1760452402.154,107.86,-63.48,LoRa,0.01,0.05,DROPPED_BY_IM
1760452402.656,99.56,-62.44,LoRa,0.01,0.05,DROPPED_BY_IM
1760452403.156,91.26,-61.41,LoRa,0.01,0.05,DROPPED_BY_IM
1760452403.656,82.97,-60.37,LoRa,0.01,0.05,DROPPED_BY_IM
1760452404.156,74.67,-59.33,LoRa,0.01,0.05,DROPPED_BY_IM
1760452404.657,66.37,-58.30,LoRa,0.01,0.05,DROPPED_BY_IM
1760452405.158,58.08,-57.26,LoRa,0.01,0.05,DROPPED_BY_IM
1760452405.659,49.78,-50.00,Wi-Fi,0.01,0.05,SINGLE_WIFI
1760452406.159,41.48,-50.00,Wi-Fi,0.01,0.05,SINGLE_WIFI
1760452406.660,33.19,-50.00,Wi-Fi,0.01,0.05,SINGLE_WIFI
1760452407.159,24.89,-50.00,Wi-Fi,0.01,0.05,SINGLE_WIFI
1760452407.660,16.59,-50.00,Wi-Fi,0.01,0.05,SINGLE_WIFI
1760452408.161,8.30,-50.00,Wi-Fi,0.01,0.05,SINGLE_WIFI
1760452408.662,0.00,-50.00,Wi-Fi,0.01,0.05,SINGLE_WIFI
1760452409.163,8.30,-50.00,Wi-Fi,0.01,0.05,SINGLE_WIFI
1760452409.662,0.00,-50.00,Wi-Fi,0.01,0.05,SINGLE_WIFI
1760452410.163,8.30,-50.00,Wi-Fi,0.01,0.05,SINGLE_WIFI
1760452410.664,16.59,-50.00,Wi-Fi,0.01,0.05,SINGLE_WIFI
1760452411.165,24.89,-50.00,Wi-Fi,0.01,0.05,SINGLE_WIFI
1760452411.665,33.19,-50.00,Wi-Fi,0.01,0.05,SINGLE_WIFI
1760452412.166,41.48,-50.00,Wi-Fi,0.01,0.05,SINGLE_WIFI
1760452412.667,49.78,-50.00,Wi-Fi,0.01,0.05,SINGLE_WIFI
1760452413.167,58.08,-57.26,Wi-Fi,0.01,0.05,SINGLE_WIFI
1760452413.667,66.37,-58.30,Wi-Fi,0.01,0.05,SINGLE_WIFI
1760452414.168,74.67,-59.33,Wi-Fi,0.01,0.05,SINGLE_WIFI
1760452414.669,82.97,-60.37,LoRa,0.01,0.05,DROPPED_BY_IM
1760452415.169,91.26,-61.41,LoRa,0.01,0.05,DROPPED_BY_IM
1760452415.669,99.56,-62.44,LoRa,0.01,0.05,DROPPED_BY_IM
1760452416.170,107.86,-63.48,LoRa,0.01,0.05,DROPPED_BY_IM
1760452416.670,116.15,-64.52,LoRa,0.01,0.05,DROPPED_BY_IM
1760452417.170,124.45,-65.56,LoRa,1.00,0.05,DROPPED_BY_IM
1760452417.672,132.75,-66.59,LoRa,1.00,0.05,DROPPED_BY_IM
1760452418.172,141.04,-67.63,LoRa,1.00,0.05,DROPPED_BY_IM
1760452418.673,149.34,-68.67,LoRa,1.00,0.05,DROPPED_BY_IM
1760452419.173,157.64,-69.70,LoRa,1.00,0.05,DROPPED_BY_IM
1760452419.673,165.93,-70.74,LoRa,1.00,0.05,DROPPED_BY_IM
1760452420.174,174.23,-71.78,LoRa,1.00,0.05,DROPPED_BY_IM
1760452420.674,182.53,-72.82,LoRa,1.00,0.05,DROPPED_BY_IM
1760452421.175,190.82,-73.85,LoRa,1.00,0.05,DROPPED_BY_IM
1760452421.676,199.12,-74.89,LoRa,1.00,0.05,DROPPED_BY_IM
1760452422.175,207.42,-75.93,LoRa,1.00,0.05,DROPPED_BY_IM
1760452422.676,215.71,-76.96,LoRa,1.00,0.05,DROPPED_BY_IM
1760452423.176,224.01,-78.00,LoRa,1.00,0.05,DROPPED_BY_IM
1760452423.677,232.31,-79.04,LoRa,1.00,0.05,DROPPED_BY_IM
1760452424.177,240.60,-80.08,LoRa,1.00,0.05,DROPPED_BY_IM
1760452424.678,248.90,-81.11,LoRa,1.00,0.05,DROPPED_BY_IM
1760452425.178,257.20,-82.15,LoRa,1.00,0.05,DROPPED_BY_IM
1760452425.679,265.49,-83.19,LoRa,1.00,0.05,DROPPED_BY_IM
1760452426.181,273.79,-84.22,LoRa,1.00,0.05,DROPPED_BY_IM
1760452426.679,282.09,-85.26,LoRa,1.00,0.05,DROPPED_BY_IM
1760452427.181,290.38,-86.30,LoRa,1.00,0.05,DROPPED_BY_IM
1760452427.680,298.68,-87.33,LoRa,1.00,0.05,DROPPED_BY_IM
1760452428.181,306.98,-88.37,LoRa,1.00,0.05,DROPPED_BY_IM
1760452428.681,315.27,-89.41,LoRa,1.00,0.05,DROPPED_BY_IM
1760452429.183,323.57,-90.45,LoRa,1.00,0.05,DROPPED_BY_IM
1760452429.683,315.27,-89.41,LoRa,1.00,0.05,DROPPED_BY_IM
1760452430.183,306.98,-88.37,LoRa,1.00,0.05,DROPPED_BY_IM
1760452430.684,298.68,-87.33,LoRa,1.00,0.05,DROPPED_BY_IM
1760452431.183,290.38,-86.30,LoRa,1.00,0.05,DROPPED_BY_IM
1760452431.684,282.09,-85.26,LoRa,1.00,0.05,DROPPED_BY_IM
1760452432.184,273.79,-84.22,LoRa,1.00,0.05,DROPPED_BY_IM
1760452432.684,265.49,-83.19,LoRa,1.00,0.05,DROPPED_BY_IM
1760452433.186,257.20,-82.15,LoRa,1.00,0.05,DROPPED_BY_IM
1760452433.686,248.90,-81.11,LoRa,1.00,0.05,DROPPED_BY_IM
1760452434.187,240.60,-80.08,LoRa,1.00,0.05,DROPPED_BY_IM
1760452434.687,232.31,-79.04,LoRa,1.00,0.05,DROPPED_BY_IM
1760452435.187,224.01,-78.00,LoRa,1.00,0.05,DROPPED_BY_IM
1760452435.687,215.71,-76.96,LoRa,1.00,0.05,DROPPED_BY_IM
1760452436.188,207.42,-75.93,LoRa,1.00,0.05,DROPPED_BY_IM
1760452436.688,199.12,-74.89,LoRa,1.00,0.05,DROPPED_BY_IM
1760452437.189,190.82,-73.85,LoRa,1.00,0.05,DROPPED_BY_IM
1760452437.689,182.53,-72.82,LoRa,1.00,0.05,DROPPED_BY_IM
1760452438.190,174.23,-71.78,LoRa,1.00,0.05,DROPPED_BY_IM
1760452438.691,165.93,-70.74,LoRa,1.00,0.05,DROPPED_BY_IM
1760452439.191,157.64,-69.70,LoRa,1.00,0.05,DROPPED_BY_IM
1760452439.692,149.34,-68.67,LoRa,1.00,0.05,DROPPED_BY_IM
1760452440.192,141.04,-67.63,LoRa,1.00,0.05,DROPPED_BY_IM
1760452440.693,132.75,-66.59,LoRa,1.00,0.05,DROPPED_BY_IM
1760452441.192,124.45,-65.56,LoRa,1.00,0.05,DROPPED_BY_IM
1760452441.693,116.15,-64.52,LoRa,0.01,0.05,DROPPED_BY_IM
1760452442.194,107.86,-63.48,LoRa,0.01,0.05,DROPPED_BY_IM
1760452442.694,99.56,-62.44,LoRa,0.01,0.05,DROPPED_BY_IM
1760452443.194,91.26,-61.41,LoRa,0.01,0.05,DROPPED_BY_IM
1760452443.694,82.97,-60.37,LoRa,0.01,0.05,DROPPED_BY_IM
1760452444.195,74.67,-59.33,LoRa,0.01,0.05,DROPPED_BY_IM
1760452444.696,66.37,-58.30,LoRa,0.01,0.05,DROPPED_BY_IM
1760452445.195,58.08,-57.26,LoRa,0.01,0.05,DROPPED_BY_IM
1760452445.698,49.78,-50.00,Wi-Fi,0.01,0.05,SINGLE_WIFI
1760452446.197,41.48,-50.00,Wi-Fi,0.01,0.05,SINGLE_WIFI
1760452446.698,33.19,-50.00,Wi-Fi,0.01,0.05,SINGLE_WIFI
1760452447.198,24.89,-50.00,Wi-Fi,0.01,0.05,SINGLE_WIFI
1760452447.699,16.59,-50.00,Wi-Fi,0.01,0.05,SINGLE_WIFI
1760452448.200,8.30,-50.00,Wi-Fi,0.01,0.05,SINGLE_WIFI
1760452448.700,0.00,-50.00,Wi-Fi,0.01,0.05,SINGLE_WIFI
1760452449.200,8.30,-50.00,Wi-Fi,0.01,0.05,SINGLE_WIFI
1760452449.702,0.00,-50.00,Wi-Fi,0.01,0.05,SINGLE_WIFI
1760452450.201,8.30,-50.00,Wi-Fi,0.01,0.05,SINGLE_WIFI
1760452450.703,16.59,-50.00,Wi-Fi,0.01,0.05,SINGLE_WIFI
1760452451.203,24.89,-50.00,Wi-Fi,0.01,0.05,SINGLE_WIFI
1760452451.702,33.19,-50.00,Wi-Fi,0.01,0.05,SINGLE_WIFI
1760452452.204,41.48,-50.00,Wi-Fi,0.01,0.05,SINGLE_WIFI
1760452452.706,49.78,-50.00,Wi-Fi,0.01,0.05,SINGLE_WIFI
1760452453.206,58.08,-57.26,Wi-Fi,0.01,0.05,SINGLE_WIFI
1760452453.706,66.37,-58.30,Wi-Fi,0.01,0.05,SINGLE_WIFI
1760452454.207,74.67,-59.33,Wi-Fi,0.01,0.05,SINGLE_WIFI
1760452454.706,82.97,-60.37,LoRa,0.01,0.05,DROPPED_BY_IM
1760452455.207,91.26,-61.41,LoRa,0.01,0.05,DROPPED_BY_IM
1760452455.708,99.56,-62.44,LoRa,0.01,0.05,DROPPED_BY_IM
1760452456.208,107.86,-63.48,LoRa,0.01,0.05,DROPPED_BY_IM
1760452456.709,116.15,-64.52,LoRa,0.01,0.05,DROPPED_BY_IM
1760452457.208,124.45,-65.56,LoRa,1.00,0.05,DROPPED_BY_IM
1760452457.710,132.75,-66.59,LoRa,1.00,0.05,DROPPED_BY_IM
1760452458.210,141.04,-67.63,LoRa,1.00,0.05,DROPPED_BY_IM
1760452458.712,149.34,-68.67,LoRa,1.00,0.05,DROPPED_BY_IM
1760452459.212,157.64,-69.70,LoRa,1.00,0.05,DROPPED_BY_IM
1760452459.712,165.93,-70.74,LoRa,1.00,0.05,DROPPED_BY_IM
1760452460.212,174.23,-71.78,LoRa,1.00,0.05,DROPPED_BY_IM
1760452460.715,182.53,-72.82,LoRa,1.00,0.05,DROPPED_BY_IM
1760452461.214,190.82,-73.85,LoRa,1.00,0.05,DROPPED_BY_IM
1760452461.715,199.12,-74.89,LoRa,1.00,0.05,DROPPED_BY_IM
1760452462.216,207.42,-75.93,LoRa,1.00,0.05,DROPPED_BY_IM
1760452462.716,215.71,-76.96,LoRa,1.00,0.05,DROPPED_BY_IM
1760452463.216,224.01,-78.00,LoRa,1.00,0.05,DROPPED_BY_IM
1760452463.717,232.31,-79.04,LoRa,1.00,0.05,DROPPED_BY_IM
1760452464.217,240.60,-80.08,LoRa,1.00,0.05,DROPPED_BY_IM
1760452464.718,248.90,-81.11,LoRa,1.00,0.05,DROPPED_BY_IM
1760452465.219,257.20,-82.15,LoRa,1.00,0.05,DROPPED_BY_IM
1760452465.718,265.49,-83.19,LoRa,1.00,0.05,DROPPED_BY_IM
1760452466.220,273.79,-84.22,LoRa,1.00,0.05,DROPPED_BY_IM
1760452466.720,282.09,-85.26,LoRa,1.00,0.05,DROPPED_BY_IM
1760452467.221,290.38,-86.30,LoRa,1.00,0.05,DROPPED_BY_IM
1760452467.721,298.68,-87.33,LoRa,1.00,0.05,DROPPED_BY_IM
1760452468.222,306.98,-88.37,LoRa,1.00,0.05,DROPPED_BY_IM
1760452468.723,315.27,-89.41,LoRa,1.00,0.05,DROPPED_BY_IM
1760452469.223,323.57,-90.45,LoRa,1.00,0.05,DROPPED_BY_IM
1760452469.723,315.27,-89.41,LoRa,1.00,0.05,DROPPED_BY_IM
1760452470.223,306.98,-88.37,LoRa,1.00,0.05,DROPPED_BY_IM
1760452470.725,298.68,-87.33,LoRa,1.00,0.05,DROPPED_BY_IM
1760452471.224,290.38,-86.30,LoRa,1.00,0.05,DROPPED_BY_IM
1760452471.736,282.09,-85.26,LoRa,1.00,0.05,DROPPED_BY_IM
1760452472.227,273.79,-84.22,LoRa,1.00,0.05,DROPPED_BY_IM
1760452472.728,265.49,-83.19,LoRa,1.00,0.05,DROPPED_BY_IM
1760452473.228,257.20,-82.15,LoRa,1.00,0.05,DROPPED_BY_IM
1760452473.728,248.90,-81.11,LoRa,1.00,0.05,DROPPED_BY_IM
1760452474.229,240.60,-80.08,LoRa,1.00,0.05,DROPPED_BY_IM
1760452474.730,232.31,-79.04,LoRa,1.00,0.05,DROPPED_BY_IM
1760452475.231,224.01,-78.00,LoRa,1.00,0.05,DROPPED_BY_IM
1760452475.730,215.71,-76.96,LoRa,1.00,0.05,DROPPED_BY_IM
1760452476.231,207.42,-75.93,LoRa,1.00,0.05,DROPPED_BY_IM
1760452476.732,199.12,-74.89,LoRa,1.00,0.05,DROPPED_BY_IM
1760452477.232,190.82,-73.85,LoRa,1.00,0.05,DROPPED_BY_IM
1760452477.733,182.53,-72.82,LoRa,1.00,0.05,DROPPED_BY_IM
1760452478.235,174.23,-71.78,LoRa,1.00,0.05,DROPPED_BY_IM
1760452478.734,165.93,-70.74,LoRa,1.00,0.05,DROPPED_BY_IM
1760452479.236,157.64,-69.70,LoRa,1.00,0.05,DROPPED_BY_IM
1760452479.736,149.34,-68.67,LoRa,1.00,0.05,DROPPED_BY_IM
1760452480.235,141.04,-67.63,LoRa,1.00,0.05,DROPPED_BY_IM
1760452480.737,132.75,-66.59,LoRa,1.00,0.05,DROPPED_BY_IM
1760452481.238,124.45,-65.56,LoRa,1.00,0.05,DROPPED_BY_IM
1760452481.738,116.15,-64.52,LoRa,0.01,0.05,DROPPED_BY_IM
1760452482.239,107.86,-63.48,LoRa,0.01,0.05,DROPPED_BY_IM
1760452482.738,99.56,-62.44,LoRa,0.01,0.05,DROPPED_BY_IM
1760452483.239,91.26,-61.41,LoRa,0.01,0.05,DROPPED_BY_IM
1760452483.740,82.97,-60.37,LoRa,0.01,0.05,DROPPED_BY_IM
1760452484.240,74.67,-59.33,LoRa,0.01,0.05,DROPPED_BY_IM
1760452484.741,66.37,-58.30,LoRa,0.01,0.05,DROPPED_BY_IM
1760452485.243,58.08,-57.26,LoRa,0.01,0.05,DROPPED_BY_IM
1760452485.742,49.78,-50.00,Wi-Fi,0.01,0.05,SINGLE_WIFI
1760452486.243,41.48,-50.00,Wi-Fi,0.01,0.05,SINGLE_WIFI
1760452486.744,33.19,-50.00,Wi-Fi,0.01,0.05,SINGLE_WIFI
1760452487.244,24.89,-50.00,Wi-Fi,0.01,0.05,SINGLE_WIFI
1760452487.745,16.59,-50.00,Wi-Fi,0.01,0.05,SINGLE_WIFI
1760452488.245,8.30,-50.00,Wi-Fi,0.01,0.05,SINGLE_WIFI
1760452488.745,0.00,-50.00,Wi-Fi,0.01,0.05,SINGLE_WIFI
1760452489.247,8.30,-50.00,Wi-Fi,0.01,0.05,SINGLE_WIFI
1760452489.753,0.00,-50.00,Wi-Fi,0.01,0.05,SINGLE_WIFI
1760452490.248,8.30,-50.00,Wi-Fi,0.01,0.05,SINGLE_WIFI
1760452490.749,16.59,-50.00,Wi-Fi,0.01,0.05,SINGLE_WIFI
1760452491.249,24.89,-50.00,Wi-Fi,0.01,0.05,SINGLE_WIFI
1760452491.750,33.19,-50.00,Wi-Fi,0.01,0.05,SINGLE_WIFI
1760452492.251,41.48,-50.00,Wi-Fi,0.01,0.05,SINGLE_WIFI
1760452492.751,49.78,-50.00,Wi-Fi,0.01,0.05,SINGLE_WIFI
1760452493.251,58.08,-57.26,Wi-Fi,0.01,0.05,SINGLE_WIFI
1760452493.753,66.37,-58.30,Wi-Fi,0.01,0.05,SINGLE_WIFI
1760452494.254,74.67,-59.33,Wi-Fi,0.01,0.05,SINGLE_WIFI
1760452494.754,82.97,-60.37,LoRa,0.01,0.05,DROPPED_BY_IM
1760452495.254,91.26,-61.41,LoRa,0.01,0.05,DROPPED_BY_IM
1760452495.755,99.56,-62.44,LoRa,0.01,0.05,DROPPED_BY_IM
1760452496.255,107.86,-63.48,LoRa,0.01,0.05,DROPPED_BY_IM
1760452496.755,116.15,-64.52,LoRa,0.01,0.05,DROPPED_BY_IM
1760452497.256,124.45,-65.56,LoRa,1.00,0.05,DROPPED_BY_IM
1760452497.757,132.75,-66.59,LoRa,1.00,0.05,DROPPED_BY_IM
1760452498.258,141.04,-67.63,LoRa,1.00,0.05,DROPPED_BY_IM
1760452498.760,149.34,-68.67,LoRa,1.00,0.05,DROPPED_BY_IM
1760452499.259,157.64,-69.70,LoRa,1.00,0.05,DROPPED_BY_IM
1760452499.761,165.93,-70.74,LoRa,1.00,0.05,DROPPED_BY_IM
1760452500.261,174.23,-71.78,LoRa,1.00,0.05,DROPPED_BY_IM
1760452500.761,182.53,-72.82,LoRa,1.00,0.05,DROPPED_BY_IM
1760452501.262,190.82,-73.85,LoRa,1.00,0.05,DROPPED_BY_IM
1760452501.763,199.12,-74.89,LoRa,1.00,0.05,DROPPED_BY_IM
1760452502.262,207.42,-75.93,LoRa,1.00,0.05,DROPPED_BY_IM
1760452502.763,215.71,-76.96,LoRa,1.00,0.05,DROPPED_BY_IM
1760452503.263,224.01,-78.00,LoRa,1.00,0.05,DROPPED_BY_IM
1760452503.764,232.31,-79.04,LoRa,1.00,0.05,DROPPED_BY_IM
1760452504.264,240.60,-80.08,LoRa,1.00,0.05,DROPPED_BY_IM
1760452504.765,248.90,-81.11,LoRa,1.00,0.05,DROPPED_BY_IM
1760452505.265,257.20,-82.15,LoRa,1.00,0.05,DROPPED_BY_IM
1760452505.766,265.49,-83.19,LoRa,1.00,0.05,DROPPED_BY_IM
1760452506.266,273.79,-84.22,LoRa,1.00,0.05,DROPPED_BY_IM
1760452506.767,282.09,-85.26,LoRa,1.00,0.05,DROPPED_BY_IM
1760452507.268,290.38,-86.30,LoRa,1.00,0.05,DROPPED_BY_IM
1760452507.768,298.68,-87.33,LoRa,1.00,0.05,DROPPED_BY_IM
1760452508.268,306.98,-88.37,LoRa,1.00,0.05,DROPPED_BY_IM
1760452508.769,315.27,-89.41,LoRa,1.00,0.05,DROPPED_BY_IM
1760452509.269,323.57,-90.45,LoRa,1.00,0.05,DROPPED_BY_IM
1760452509.771,315.27,-89.41,LoRa,1.00,0.05,DROPPED_BY_IM
1760452510.271,306.98,-88.37,LoRa,1.00,0.05,DROPPED_BY_IM
1760452510.771,298.68,-87.33,LoRa,1.00,0.05,DROPPED_BY_IM
1760452511.272,290.38,-86.30,LoRa,1.00,0.05,DROPPED_BY_IM
1760452511.772,282.09,-85.26,LoRa,1.00,0.05,DROPPED_BY_IM
1760452512.274,273.79,-84.22,LoRa,1.00,0.05,DROPPED_BY_IM
1760452512.774,265.49,-83.19,LoRa,1.00,0.05,DROPPED_BY_IM
1760452513.274,257.20,-82.15,LoRa,1.00,0.05,DROPPED_BY_IM
1760452513.775,248.90,-81.11,LoRa,1.00,0.05,DROPPED_BY_IM
1760452514.276,240.60,-80.08,LoRa,1.00,0.05,DROPPED_BY_IM
1760452514.776,232.31,-79.04,LoRa,1.00,0.05,DROPPED_BY_IM
1760452515.276,224.01,-78.00,LoRa,1.00,0.05,DROPPED_BY_IM
1760452515.777,215.71,-76.96,LoRa,1.00,0.05,DROPPED_BY_IM
1760452516.277,207.42,-75.93,LoRa,1.00,0.05,DROPPED_BY_IM
1760452516.778,199.12,-74.89,LoRa,1.00,0.05,DROPPED_BY_IM
1760452517.278,190.82,-73.85,LoRa,1.00,0.05,DROPPED_BY_IM
1760452517.780,182.53,-72.82,LoRa,1.00,0.05,DROPPED_BY_IM
1760452518.280,174.23,-71.78,LoRa,1.00,0.05,DROPPED_BY_IM
1760452518.781,165.93,-70.74,LoRa,1.00,0.05,DROPPED_BY_IM
1760452519.281,157.64,-69.70,LoRa,1.00,0.05,DROPPED_BY_IM
1760452519.782,149.34,-68.67,LoRa,1.00,0.05,DROPPED_BY_IM
1760452520.282,141.04,-67.63,LoRa,1.00,0.05,DROPPED_BY_IM
1760452520.782,132.75,-66.59,LoRa,1.00,0.05,DROPPED_BY_IM
1760452521.283,124.45,-65.56,LoRa,1.00,0.05,DROPPED_BY_IM
1760452521.784,116.15,-64.52,LoRa,0.01,0.05,DROPPED_BY_IM
1760452522.283,107.86,-63.48,LoRa,0.01,0.05,DROPPED_BY_IM
1760452522.785,99.56,-62.44,LoRa,0.01,0.05,DROPPED_BY_IM
1760452523.285,91.26,-61.41,LoRa,0.01,0.05,DROPPED_BY_IM
1760452523.785,82.97,-60.37,LoRa,0.01,0.05,DROPPED_BY_IM
1760452524.285,74.67,-59.33,LoRa,0.01,0.05,DROPPED_BY_IM
1760452524.786,66.37,-58.30,LoRa,0.01,0.05,DROPPED_BY_IM
1760452525.286,58.08,-57.26,LoRa,0.01,0.05,DROPPED_BY_IM
1760452525.789,49.78,-50.00,Wi-Fi,0.01,0.05,SINGLE_WIFI
1760452526.290,41.48,-50.00,Wi-Fi,0.01,0.05,SINGLE_WIFI
1760452526.789,33.19,-50.00,Wi-Fi,0.01,0.05,SINGLE_WIFI
1760452527.291,24.89,-50.00,Wi-Fi,0.01,0.05,SINGLE_WIFI
1760452527.790,16.59,-50.00,Wi-Fi,0.01,0.05,SINGLE_WIFI
1760452528.293,8.30,-50.00,Wi-Fi,0.01,0.05,SINGLE_WIFI
1760452528.793,0.00,-50.00,Wi-Fi,0.01,0.05,SINGLE_WIFI
1760452529.294,8.30,-50.00,Wi-Fi,0.01,0.05,SINGLE_WIFI
1760452529.794,0.00,-50.00,Wi-Fi,0.01,0.05,SINGLE_WIFI
1760452530.294,8.30,-50.00,Wi-Fi,0.01,0.05,SINGLE_WIFI
1760452530.795,16.59,-50.00,Wi-Fi,0.01,0.05,SINGLE_WIFI
1760452531.295,24.89,-50.00,Wi-Fi,0.01,0.05,SINGLE_WIFI
1760452531.797,33.19,-50.00,Wi-Fi,0.01,0.05,SINGLE_WIFI
1760452532.298,41.48,-50.00,Wi-Fi,0.01,0.05,SINGLE_WIFI
1760452532.797,49.78,-50.00,Wi-Fi,0.01,0.05,SINGLE_WIFI
1760452533.298,58.08,-57.26,Wi-Fi,0.01,0.05,SINGLE_WIFI
1760452533.798,66.37,-58.30,Wi-Fi,0.01,0.05,SINGLE_WIFI
1760452534.298,74.67,-59.33,Wi-Fi,0.01,0.05,SINGLE_WIFI
1760452534.800,82.97,-60.37,LoRa,0.01,0.05,DROPPED_BY_IM
1760452535.301,91.26,-61.41,LoRa,0.01,0.05,DROPPED_BY_IM
1760452535.801,99.56,-62.44,LoRa,0.01,0.05,DROPPED_BY_IM
1760452536.303,107.86,-63.48,LoRa,0.01,0.05,DROPPED_BY_IM
1760452536.803,116.15,-64.52,LoRa,0.01,0.05,DROPPED_BY_IM
1760452537.303,124.45,-65.56,LoRa,1.00,0.05,DROPPED_BY_IM
1760452537.805,132.75,-66.59,LoRa,1.00,0.05,DROPPED_BY_IM
1760452538.305,141.04,-67.63,LoRa,1.00,0.05,DROPPED_BY_IM
1760452538.805,149.34,-68.67,LoRa,1.00,0.05,DROPPED_BY_IM
1760452539.305,157.64,-69.70,LoRa,1.00,0.05,DROPPED_BY_IM
1760452539.805,165.93,-70.74,LoRa,1.00,0.05,DROPPED_BY_IM
1760452540.306,174.23,-71.78,LoRa,1.00,0.05,DROPPED_BY_IM
1760452540.806,182.53,-72.82,LoRa,1.00,0.05,DROPPED_BY_IM
1760452541.308,190.82,-73.85,LoRa,1.00,0.05,DROPPED_BY_IM
1760452541.807,199.12,-74.89,LoRa,1.00,0.05,DROPPED_BY_IM
1760452542.308,207.42,-75.93,LoRa,1.00,0.05,DROPPED_BY_IM
1760452542.808,215.71,-76.96,LoRa,1.00,0.05,DROPPED_BY_IM
1760452543.310,224.01,-78.00,LoRa,1.00,0.05,DROPPED_BY_IM
1760452543.810,232.31,-79.04,LoRa,1.00,0.05,DROPPED_BY_IM
1760452544.311,240.60,-80.08,LoRa,1.00,0.05,DROPPED_BY_IM
1760452544.811,248.90,-81.11,LoRa,1.00,0.05,DROPPED_BY_IM
1760452545.313,257.20,-82.15,LoRa,1.00,0.05,DROPPED_BY_IM
1760452545.814,265.49,-83.19,LoRa,1.00,0.05,DROPPED_BY_IM
1760452546.314,273.79,-84.22,LoRa,1.00,0.05,DROPPED_BY_IM
1760452546.813,282.09,-85.26,LoRa,1.00,0.05,DROPPED_BY_IM
1760452547.314,290.38,-86.30,LoRa,1.00,0.05,DROPPED_BY_IM
1760452547.815,298.68,-87.33,LoRa,1.00,0.05,DROPPED_BY_IM
1760452548.315,306.98,-88.37,LoRa,1.00,0.05,DROPPED_BY_IM
1760452548.817,315.27,-89.41,LoRa,1.00,0.05,DROPPED_BY_IM
1760452549.317,323.57,-90.45,LoRa,1.00,0.05,DROPPED_BY_IM
1760452549.816,315.27,-89.41,LoRa,1.00,0.05,DROPPED_BY_IM
1760452550.317,306.98,-88.37,LoRa,1.00,0.05,DROPPED_BY_IM
1760452550.817,298.68,-87.33,LoRa,1.00,0.05,DROPPED_BY_IM
1760452551.320,290.38,-86.30,LoRa,1.00,0.05,DROPPED_BY_IM
1760452551.821,282.09,-85.26,LoRa,1.00,0.05,DROPPED_BY_IM
1760452552.321,273.79,-84.22,LoRa,1.00,0.05,DROPPED_BY_IM
1760452552.822,265.49,-83.19,LoRa,1.00,0.05,DROPPED_BY_IM
1760452553.322,257.20,-82.15,LoRa,1.00,0.05,DROPPED_BY_IM
1760452553.823,248.90,-81.11,LoRa,1.00,0.05,DROPPED_BY_IM
1760452554.323,240.60,-80.08,LoRa,1.00,0.05,DROPPED_BY_IM
1760452554.823,232.31,-79.04,LoRa,1.00,0.05,DROPPED_BY_IM
1760452555.323,224.01,-78.00,LoRa,1.00,0.05,DROPPED_BY_IM
1760452555.825,215.71,-76.96,LoRa,1.00,0.05,DROPPED_BY_IM
1760452556.325,207.42,-75.93,LoRa,1.00,0.05,DROPPED_BY_IM
1760452556.827,199.12,-74.89,LoRa,1.00,0.05,DROPPED_BY_IM
1760452557.327,190.82,-73.85,LoRa,1.00,0.05,DROPPED_BY_IM
1760452557.828,182.53,-72.82,LoRa,1.00,0.05,DROPPED_BY_IM
1760452558.328,174.23,-71.78,LoRa,1.00,0.05,DROPPED_BY_IM
1760452558.828,165.93,-70.74,LoRa,1.00,0.05,DROPPED_BY_IM
1760452559.330,157.64,-69.70,LoRa,1.00,0.05,DROPPED_BY_IM
1760452559.832,149.34,-68.67,LoRa,1.00,0.05,DROPPED_BY_IM
1760452560.333,141.04,-67.63,LoRa,1.00,0.05,DROPPED_BY_IM
1760452560.833,132.75,-66.59,LoRa,1.00,0.05,DROPPED_BY_IM
1760452561.333,124.45,-65.56,LoRa,1.00,0.05,DROPPED_BY_IM
1760452561.834,116.15,-64.52,LoRa,0.01,0.05,DROPPED_BY_IM
1760452562.334,107.86,-63.48,LoRa,0.01,0.05,DROPPED_BY_IM
1760452562.836,99.56,-62.44,LoRa,0.01,0.05,DROPPED_BY_IM
1760452563.338,91.26,-61.41,LoRa,0.01,0.05,DROPPED_BY_IM
1760452563.838,82.97,-60.37,LoRa,0.01,0.05,DROPPED_BY_IM
1760452564.337,74.67,-59.33,LoRa,0.01,0.05,DROPPED_BY_IM
1760452564.838,66.37,-58.30,LoRa,0.01,0.05,DROPPED_BY_IM
1760452565.338,58.08,-57.26,LoRa,0.01,0.05,DROPPED_BY_IM
1760452565.839,49.78,-50.00,Wi-Fi,0.01,0.05,SINGLE_WIFI
1760452566.338,41.48,-50.00,Wi-Fi,0.01,0.05,SINGLE_WIFI
1760452566.840,33.19,-50.00,Wi-Fi,0.01,0.05,SINGLE_WIFI
1760452567.341,24.89,-50.00,Wi-Fi,0.01,0.05,SINGLE_WIFI
1760452567.841,16.59,-50.00,Wi-Fi,0.01,0.05,SINGLE_WIFI
1760452568.341,8.30,-50.00,Wi-Fi,0.01,0.05,SINGLE_WIFI
1760452568.841,0.00,-50.00,Wi-Fi,0.01,0.05,SINGLE_WIFI
1760452569.343,8.30,-50.00,Wi-Fi,0.01,0.05,SINGLE_WIFI
1760452569.843,0.00,-50.00,Wi-Fi,0.01,0.05,SINGLE_WIFI
1760452570.343,8.30,-50.00,Wi-Fi,0.01,0.05,SINGLE_WIFI
1760452570.845,16.59,-50.00,Wi-Fi,0.01,0.05,SINGLE_WIFI
1760452571.345,24.89,-50.00,Wi-Fi,0.01,0.05,SINGLE_WIFI
1760452571.845,33.19,-50.00,Wi-Fi,0.01,0.05,SINGLE_WIFI
1760452572.347,41.48,-50.00,Wi-Fi,0.01,0.05,SINGLE_WIFI
1760452572.847,49.78,-50.00,Wi-Fi,0.01,0.05,SINGLE_WIFI
1760452573.347,58.08,-57.26,Wi-Fi,0.01,0.05,SINGLE_WIFI
1760452573.846,66.37,-58.30,Wi-Fi,0.01,0.05,SINGLE_WIFI
1760452574.349,74.67,-59.33,Wi-Fi,0.01,0.05,SINGLE_WIFI
1760452574.849,82.97,-60.37,LoRa,0.01,0.05,DROPPED_BY_IM
1760452575.348,91.26,-61.41,LoRa,0.01,0.05,DROPPED_BY_IM
1760452575.850,99.56,-62.44,LoRa,0.01,0.05,DROPPED_BY_IM
1760452576.350,107.86,-63.48,LoRa,0.01,0.05,DROPPED_BY_IM
1760452576.851,116.15,-64.52,LoRa,0.01,0.05,DROPPED_BY_IM
1760452577.351,124.45,-65.56,LoRa,1.00,0.05,DROPPED_BY_IM
1760452577.852,132.75,-66.59,LoRa,1.00,0.05,DROPPED_BY_IM
1760452578.912,141.04,-67.63,LoRa,1.00,0.05,DROPPED_BY_IM
1760452578.932,149.34,-68.67,LoRa,1.00,0.05,DROPPED_BY_IM
1760452579.354,157.64,-69.70,LoRa,1.00,0.05,DROPPED_BY_IM
1760452579.854,165.93,-70.74,LoRa,1.00,0.05,DROPPED_BY_IM
1760452580.354,174.23,-71.78,LoRa,1.00,0.05,DROPPED_BY_IM
1760452580.855,182.53,-72.82,LoRa,1.00,0.05,DROPPED_BY_IM
1760452581.356,190.82,-73.85,LoRa,1.00,0.05,DROPPED_BY_IM
1760452581.857,199.12,-74.89,LoRa,1.00,0.05,DROPPED_BY_IM
1760452582.356,207.42,-75.93,LoRa,1.00,0.05,DROPPED_BY_IM
1760452582.857,215.71,-76.96,LoRa,1.00,0.05,DROPPED_BY_IM
1760452583.358,224.01,-78.00,LoRa,1.00,0.05,DROPPED_BY_IM
1760452583.858,232.31,-79.04,LoRa,1.00,0.05,DROPPED_BY_IM
1760452584.358,240.60,-80.08,LoRa,1.00,0.05,DROPPED_BY_IM
1760452584.859,248.90,-81.11,LoRa,1.00,0.05,DROPPED_BY_IM
1760452585.360,257.20,-82.15,LoRa,1.00,0.05,DROPPED_BY_IM
1760452585.861,265.49,-83.19,LoRa,1.00,0.05,DROPPED_BY_IM
1760452586.360,273.79,-84.22,LoRa,1.00,0.05,DROPPED_BY_IM
1760452586.861,282.09,-85.26,LoRa,1.00,0.05,DROPPED_BY_IM
1760452587.362,290.38,-86.30,LoRa,1.00,0.05,DROPPED_BY_IM
1760452587.862,298.68,-87.33,LoRa,1.00,0.05,DROPPED_BY_IM
1760452588.363,306.98,-88.37,LoRa,1.00,0.05,DROPPED_BY_IM
1760452588.863,315.27,-89.41,LoRa,1.00,0.05,DROPPED_BY_IM
1760452589.364,323.57,-90.45,LoRa,1.00,0.05,DROPPED_BY_IM
1760452589.866,315.27,-89.41,LoRa,1.00,0.05,DROPPED_BY_IM
1760452590.367,306.98,-88.37,LoRa,1.00,0.05,DROPPED_BY_IM
1760452590.867,298.68,-87.33,LoRa,1.00,0.05,DROPPED_BY_IM
1760452591.367,290.38,-86.30,LoRa,1.00,0.05,DROPPED_BY_IM
1760452591.868,282.09,-85.26,LoRa,1.00,0.05,DROPPED_BY_IM
1760452592.383,273.79,-84.22,LoRa,1.00,0.05,DROPPED_BY_IM
1760452592.869,265.49,-83.19,LoRa,1.00,0.05,DROPPED_BY_IM
1760452593.369,257.20,-82.15,LoRa,1.00,0.05,DROPPED_BY_IM
1760452593.870,248.90,-81.11,LoRa,1.00,0.05,DROPPED_BY_IM
1760452594.371,240.60,-80.08,LoRa,1.00,0.05,DROPPED_BY_IM
1760452594.872,232.31,-79.04,LoRa,1.00,0.05,DROPPED_BY_IM
1760452595.372,224.01,-78.00,LoRa,1.00,0.05,DROPPED_BY_IM
1760452595.872,215.71,-76.96,LoRa,1.00,0.05,DROPPED_BY_IM
1760452596.373,207.42,-75.93,LoRa,1.00,0.05,DROPPED_BY_IM
1760452596.874,199.12,-74.89,LoRa,1.00,0.05,DROPPED_BY_IM
1760452597.374,190.82,-73.85,LoRa,1.00,0.05,DROPPED_BY_IM
1760452597.875,182.53,-72.82,LoRa,1.00,0.05,DROPPED_BY_IM
1760452598.377,174.23,-71.78,LoRa,1.00,0.05,DROPPED_BY_IM
1760452598.877,165.93,-70.74,LoRa,1.00,0.05,DROPPED_BY_IM
1760452599.379,157.64,-69.70,LoRa,1.00,0.05,DROPPED_BY_IM
1760452599.878,149.34,-68.67,LoRa,1.00,0.05,DROPPED_BY_IM
1760452600.378,141.04,-67.63,LoRa,1.00,0.05,DROPPED_BY_IM
1760452600.879,132.75,-66.59,LoRa,1.00,0.05,DROPPED_BY_IM
1760452601.379,124.45,-65.56,LoRa,1.00,0.05,DROPPED_BY_IM
1760452601.880,116.15,-64.52,LoRa,0.01,0.05,DROPPED_BY_IM
1760452602.381,107.86,-63.48,LoRa,0.01,0.05,DROPPED_BY_IM
1760452602.880,99.56,-62.44,LoRa,0.01,0.05,DROPPED_BY_IM
1760452603.381,91.26,-61.41,LoRa,0.01,0.05,DROPPED_BY_IM
1760452603.881,82.97,-60.37,LoRa,0.01,0.05,DROPPED_BY_IM
1760452604.381,74.67,-59.33,LoRa,0.01,0.05,DROPPED_BY_IM
1760452604.882,66.37,-58.30,LoRa,0.01,0.05,DROPPED_BY_IM
1760452605.382,58.08,-57.26,LoRa,0.01,0.05,DROPPED_BY_IM
1760452605.882,49.78,-50.00,Wi-Fi,0.01,0.05,SINGLE_WIFI
1760452606.383,41.48,-50.00,Wi-Fi,0.01,0.05,SINGLE_WIFI
1760452606.883,33.19,-50.00,Wi-Fi,0.01,0.05,SINGLE_WIFI
1760452607.383,24.89,-50.00,Wi-Fi,0.01,0.05,SINGLE_WIFI
1760452607.885,16.59,-50.00,Wi-Fi,0.01,0.05,SINGLE_WIFI
1760452608.385,8.30,-50.00,Wi-Fi,0.01,0.05,SINGLE_WIFI
1760452608.886,0.00,-50.00,Wi-Fi,0.01,0.05,SINGLE_WIFI
1760452609.386,8.30,-50.00,Wi-Fi,0.01,0.05,SINGLE_WIFI
1760452609.887,0.00,-50.00,Wi-Fi,0.01,0.05,SINGLE_WIFI
1760452610.387,8.30,-50.00,Wi-Fi,0.01,0.05,SINGLE_WIFI
1760452610.888,16.59,-50.00,Wi-Fi,0.01,0.05,SINGLE_WIFI
1760452611.389,24.89,-50.00,Wi-Fi,0.01,0.05,SINGLE_WIFI
1760452611.889,33.19,-50.00,Wi-Fi,0.01,0.05,SINGLE_WIFI
1760452612.390,41.48,-50.00,Wi-Fi,0.01,0.05,SINGLE_WIFI
1760452612.890,49.78,-50.00,Wi-Fi,0.01,0.05,SINGLE_WIFI
1760452613.391,58.08,-57.26,Wi-Fi,0.01,0.05,SINGLE_WIFI
1760452613.891,66.37,-58.30,Wi-Fi,0.01,0.05,SINGLE_WIFI
1760452614.392,74.67,-59.33,Wi-Fi,0.01,0.05,SINGLE_WIFI
1760452614.892,82.97,-60.37,LoRa,0.01,0.05,DROPPED_BY_IM
1760452615.393,91.26,-61.41,LoRa,0.01,0.05,DROPPED_BY_IM
1760452615.894,99.56,-62.44,LoRa,0.01,0.05,DROPPED_BY_IM
1760452616.395,107.86,-63.48,LoRa,0.01,0.05,DROPPED_BY_IM
1760452616.895,116.15,-64.52,LoRa,0.01,0.05,DROPPED_BY_IM
1760452617.396,124.45,-65.56,LoRa,1.00,0.05,DROPPED_BY_IM
1760452617.897,132.75,-66.59,LoRa,1.00,0.05,DROPPED_BY_IM
1760452618.398,141.04,-67.63,LoRa,1.00,0.05,DROPPED_BY_IM
1760452618.898,149.34,-68.67,LoRa,1.00,0.05,DROPPED_BY_IM
1760452619.397,157.64,-69.70,LoRa,1.00,0.05,DROPPED_BY_IM
1760452619.899,165.93,-70.74,LoRa,1.00,0.05,DROPPED_BY_IM
1760452620.399,174.23,-71.78,LoRa,1.00,0.05,DROPPED_BY_IM
1760452620.899,182.53,-72.82,LoRa,1.00,0.05,DROPPED_BY_IM
1760452621.399,190.82,-73.85,LoRa,1.00,0.05,DROPPED_BY_IM
1760452621.901,199.12,-74.89,LoRa,1.00,0.05,DROPPED_BY_IM
1760452622.400,207.42,-75.93,LoRa,1.00,0.05,DROPPED_BY_IM
1760452622.900,215.71,-76.96,LoRa,1.00,0.05,DROPPED_BY_IM
1760452623.402,224.01,-78.00,LoRa,1.00,0.05,DROPPED_BY_IM
1760452623.903,232.31,-79.04,LoRa,1.00,0.05,DROPPED_BY_IM
1760452624.404,240.60,-80.08,LoRa,1.00,0.05,DROPPED_BY_IM
1760452624.904,248.90,-81.11,LoRa,1.00,0.05,DROPPED_BY_IM
1760452625.403,257.20,-82.15,LoRa,1.00,0.05,DROPPED_BY_IM
1760452625.904,265.49,-83.19,LoRa,1.00,0.05,DROPPED_BY_IM
1760452626.404,273.79,-84.22,LoRa,1.00,0.05,DROPPED_BY_IM
1760452626.904,282.09,-85.26,LoRa,1.00,0.05,DROPPED_BY_IM
1760452627.405,290.38,-86.30,LoRa,1.00,0.05,DROPPED_BY_IM
1760452627.906,298.68,-87.33,LoRa,1.00,0.05,DROPPED_BY_IM
1760452628.408,306.98,-88.37,LoRa,1.00,0.05,DROPPED_BY_IM
1760452628.907,315.27,-89.41,LoRa,1.00,0.05,DROPPED_BY_IM
1760452629.407,323.57,-90.45,LoRa,1.00,0.05,DROPPED_BY_IM
1760452629.908,315.27,-89.41,LoRa,1.00,0.05,DROPPED_BY_IM
1760452630.408,306.98,-88.37,LoRa,1.00,0.05,DROPPED_BY_IM
1760452630.909,298.68,-87.33,LoRa,1.00,0.05,DROPPED_BY_IM
1760452631.409,290.38,-86.30,LoRa,1.00,0.05,DROPPED_BY_IM
1760452631.909,282.09,-85.26,LoRa,1.00,0.05,DROPPED_BY_IM
1760452632.409,273.79,-84.22,LoRa,1.00,0.05,DROPPED_BY_IM
1760452632.910,265.49,-83.19,LoRa,1.00,0.05,DROPPED_BY_IM
1760452633.412,257.20,-82.15,LoRa,1.00,0.05,DROPPED_BY_IM
1760452633.912,248.90,-81.11,LoRa,1.00,0.05,DROPPED_BY_IM
1760452634.413,240.60,-80.08,LoRa,1.00,0.05,DROPPED_BY_IM
1760452634.913,232.31,-79.04,LoRa,1.00,0.05,DROPPED_BY_IM
1760452635.413,224.01,-78.00,LoRa,1.00,0.05,DROPPED_BY_IM
1760452635.915,215.71,-76.96,LoRa,1.00,0.05,DROPPED_BY_IM
1760452636.414,207.42,-75.93,LoRa,1.00,0.05,DROPPED_BY_IM
1760452636.914,199.12,-74.89,LoRa,1.00,0.05,DROPPED_BY_IM
1760452637.414,190.82,-73.85,LoRa,1.00,0.05,DROPPED_BY_IM
1760452637.915,182.53,-72.82,LoRa,1.00,0.05,DROPPED_BY_IM
1760452638.415,174.23,-71.78,LoRa,1.00,0.05,DROPPED_BY_IM
1760452638.915,165.93,-70.74,LoRa,1.00,0.05,DROPPED_BY_IM
1760452639.416,157.64,-69.70,LoRa,1.00,0.05,DROPPED_BY_IM
1760452639.917,149.34,-68.67,LoRa,1.00,0.05,DROPPED_BY_IM
1760452640.418,141.04,-67.63,LoRa,1.00,0.05,DROPPED_BY_IM
1760452640.918,132.75,-66.59,LoRa,1.00,0.05,DROPPED_BY_IM
1760452641.417,124.45,-65.56,LoRa,1.00,0.05,DROPPED_BY_IM
1760452641.919,116.15,-64.52,LoRa,0.01,0.05,DROPPED_BY_IM
1760452642.419,107.86,-63.48,LoRa,0.01,0.05,DROPPED_BY_IM
1760452642.919,99.56,-62.44,LoRa,0.01,0.05,DROPPED_BY_IM
1760452643.421,91.26,-61.41,LoRa,0.01,0.05,DROPPED_BY_IM
1760452643.920,82.97,-60.37,LoRa,0.01,0.05,DROPPED_BY_IM
1760452644.421,74.67,-59.33,LoRa,0.01,0.05,DROPPED_BY_IM
1760452644.922,66.37,-58.30,LoRa,0.01,0.05,DROPPED_BY_IM
1760452645.423,58.08,-57.26,LoRa,0.01,0.05,DROPPED_BY_IM
1760452645.923,49.78,-50.00,Wi-Fi,0.01,0.05,SINGLE_WIFI
1760452646.423,41.48,-50.00,Wi-Fi,0.01,0.05,SINGLE_WIFI
1760452646.923,33.19,-50.00,Wi-Fi,0.01,0.05,SINGLE_WIFI
1760452647.423,24.89,-50.00,Wi-Fi,0.01,0.05,SINGLE_WIFI
1760452647.925,16.59,-50.00,Wi-Fi,0.01,0.05,SINGLE_WIFI
1760452648.425,8.30,-50.00,Wi-Fi,0.01,0.05,SINGLE_WIFI
1760452648.925,0.00,-50.00,Wi-Fi,0.01,0.05,SINGLE_WIFI
1760452649.426,8.30,-50.00,Wi-Fi,0.01,0.05,SINGLE_WIFI
1760452649.928,0.00,-50.00,Wi-Fi,0.01,0.05,SINGLE_WIFI
1760452650.427,8.30,-50.00,Wi-Fi,0.01,0.05,SINGLE_WIFI
1760452650.929,16.59,-50.00,Wi-Fi,0.01,0.05,SINGLE_WIFI
1760452651.430,24.89,-50.00,Wi-Fi,0.01,0.05,SINGLE_WIFI
1760452651.931,33.19,-50.00,Wi-Fi,0.01,0.05,SINGLE_WIFI
1760452652.431,41.48,-50.00,Wi-Fi,0.01,0.05,SINGLE_WIFI
1760452652.932,49.78,-50.00,Wi-Fi,0.01,0.05,SINGLE_WIFI
1760452653.433,58.08,-57.26,Wi-Fi,0.01,0.05,SINGLE_WIFI
1760452653.933,66.37,-58.30,Wi-Fi,0.01,0.05,SINGLE_WIFI
1760452654.433,74.67,-59.33,Wi-Fi,0.01,0.05,SINGLE_WIFI
1760452654.934,82.97,-60.37,LoRa,0.01,0.05,DROPPED_BY_IM
1760452655.435,91.26,-61.41,LoRa,0.01,0.05,DROPPED_BY_IM
1760452655.934,99.56,-62.44,LoRa,0.01,0.05,DROPPED_BY_IM
1760452656.435,107.86,-63.48,LoRa,0.01,0.05,DROPPED_BY_IM
1760452656.935,116.15,-64.52,LoRa,0.01,0.05,DROPPED_BY_IM
1760452657.436,124.45,-65.56,LoRa,1.00,0.05,DROPPED_BY_IM
1760452657.936,132.75,-66.59,LoRa,1.00,0.05,DROPPED_BY_IM
1760452658.436,141.04,-67.63,LoRa,1.00,0.05,DROPPED_BY_IM
1760452658.938,149.34,-68.67,LoRa,1.00,0.05,DROPPED_BY_IM
1760452659.437,157.64,-69.70,LoRa,1.00,0.05,DROPPED_BY_IM
1760452659.938,165.93,-70.74,LoRa,1.00,0.05,DROPPED_BY_IM
1760452660.439,174.23,-71.78,LoRa,1.00,0.05,DROPPED_BY_IM
1760452660.940,182.53,-72.82,LoRa,1.00,0.05,DROPPED_BY_IM
1760452661.440,190.82,-73.85,LoRa,1.00,0.05,DROPPED_BY_IM
1760452661.942,199.12,-74.89,LoRa,1.00,0.05,DROPPED_BY_IM
1760452662.441,207.42,-75.93,LoRa,1.00,0.05,DROPPED_BY_IM
1760452662.943,215.71,-76.96,LoRa,1.00,0.05,DROPPED_BY_IM
1760452663.443,224.01,-78.00,LoRa,1.00,0.05,DROPPED_BY_IM
1760452663.943,232.31,-79.04,LoRa,1.00,0.05,DROPPED_BY_IM
1760452664.443,240.60,-80.08,LoRa,1.00,0.05,DROPPED_BY_IM
1760452664.945,248.90,-81.11,LoRa,1.00,0.05,DROPPED_BY_IM
1760452665.445,257.20,-82.15,LoRa,1.00,0.05,DROPPED_BY_IM
1760452665.945,265.49,-83.19,LoRa,1.00,0.05,DROPPED_BY_IM
1760452666.445,273.79,-84.22,LoRa,1.00,0.05,DROPPED_BY_IM
1760452666.947,282.09,-85.26,LoRa,1.00,0.05,DROPPED_BY_IM
1760452667.447,290.38,-86.30,LoRa,1.00,0.05,DROPPED_BY_IM
1760452667.947,298.68,-87.33,LoRa,1.00,0.05,DROPPED_BY_IM
1760452668.447,306.98,-88.37,LoRa,1.00,0.05,DROPPED_BY_IM
1760452668.948,315.27,-89.41,LoRa,1.00,0.05,DROPPED_BY_IM
1760452669.448,323.57,-90.45,LoRa,1.00,0.05,DROPPED_BY_IM
1760452669.949,315.27,-89.41,LoRa,1.00,0.05,DROPPED_BY_IM
1760452670.450,306.98,-88.37,LoRa,1.00,0.05,DROPPED_BY_IM
1760452670.950,298.68,-87.33,LoRa,1.00,0.05,DROPPED_BY_IM
1760452671.451,290.38,-86.30,LoRa,1.00,0.05,DROPPED_BY_IM
1760452671.952,282.09,-85.26,LoRa,1.00,0.05,DROPPED_BY_IM
1760452672.452,273.79,-84.22,LoRa,1.00,0.05,DROPPED_BY_IM
1760452672.952,265.49,-83.19,LoRa,1.00,0.05,DROPPED_BY_IM
1760452673.454,257.20,-82.15,LoRa,1.00,0.05,DROPPED_BY_IM
1760452673.954,248.90,-81.11,LoRa,1.00,0.05,DROPPED_BY_IM
1760452674.454,240.60,-80.08,LoRa,1.00,0.05,DROPPED_BY_IM
1760452674.955,232.31,-79.04,LoRa,1.00,0.05,DROPPED_BY_IM
1760452675.454,224.01,-78.00,LoRa,1.00,0.05,DROPPED_BY_IM
1760452675.956,215.71,-76.96,LoRa,1.00,0.05,DROPPED_BY_IM
1760452676.457,207.42,-75.93,LoRa,1.00,0.05,DROPPED_BY_IM
1760452676.957,199.12,-74.89,LoRa,1.00,0.05,DROPPED_BY_IM
1760452677.457,190.82,-73.85,LoRa,1.00,0.05,DROPPED_BY_IM
1760452677.958,182.53,-72.82,LoRa,1.00,0.05,DROPPED_BY_IM
1760452678.459,174.23,-71.78,LoRa,1.00,0.05,DROPPED_BY_IM
1760452678.960,165.93,-70.74,LoRa,1.00,0.05,DROPPED_BY_IM
1760452679.460,157.64,-69.70,LoRa,1.00,0.05,DROPPED_BY_IM
1760452679.961,149.34,-68.67,LoRa,1.00,0.05,DROPPED_BY_IM
1760452680.462,141.04,-67.63,LoRa,1.00,0.05,DROPPED_BY_IM
1760452680.962,132.75,-66.59,LoRa,1.00,0.05,DROPPED_BY_IM
1760452681.463,124.45,-65.56,LoRa,1.00,0.05,DROPPED_BY_IM
1760452681.964,116.15,-64.52,LoRa,0.01,0.05,DROPPED_BY_IM
1760452682.463,107.86,-63.48,LoRa,0.01,0.05,DROPPED_BY_IM
1760452682.965,99.56,-62.44,LoRa,0.01,0.05,DROPPED_BY_IM
1760452683.465,91.26,-61.41,LoRa,0.01,0.05,DROPPED_BY_IM
1760452683.965,82.97,-60.37,LoRa,0.01,0.05,DROPPED_BY_IM
1760452684.465,74.67,-59.33,LoRa,0.01,0.05,DROPPED_BY_IM
1760452684.966,66.37,-58.30,LoRa,0.01,0.05,DROPPED_BY_IM
1760452685.466,58.08,-57.26,LoRa,0.01,0.05,DROPPED_BY_IM
1760452685.967,49.78,-50.00,Wi-Fi,0.01,0.05,SINGLE_WIFI
1760452686.468,41.48,-50.00,Wi-Fi,0.01,0.05,SINGLE_WIFI
1760452686.968,33.19,-50.00,Wi-Fi,0.01,0.05,SINGLE_WIFI
1760452687.468,24.89,-50.00,Wi-Fi,0.01,0.05,SINGLE_WIFI
1760452687.968,16.59,-50.00,Wi-Fi,0.01,0.05,SINGLE_WIFI
1760452688.470,8.30,-50.00,Wi-Fi,0.01,0.05,SINGLE_WIFI
1760452688.970,0.00,-50.00,Wi-Fi,0.01,0.05,SINGLE_WIFI
1760452689.472,8.30,-50.00,Wi-Fi,0.01,0.05,SINGLE_WIFI
1760452689.972,0.00,-50.00,Wi-Fi,0.01,0.05,SINGLE_WIFI
1760452690.474,8.30,-50.00,Wi-Fi,0.01,0.05,SINGLE_WIFI
1760452690.973,16.59,-50.00,Wi-Fi,0.01,0.05,SINGLE_WIFI
1760452691.474,24.89,-50.00,Wi-Fi,0.01,0.05,SINGLE_WIFI
1760452691.975,33.19,-50.00,Wi-Fi,0.01,0.05,SINGLE_WIFI
1760452692.475,41.48,-50.00,Wi-Fi,0.01,0.05,SINGLE_WIFI
1760452692.975,49.78,-50.00,Wi-Fi,0.01,0.05,SINGLE_WIFI
1760452693.476,58.08,-57.26,Wi-Fi,0.01,0.05,SINGLE_WIFI
1760452693.976,66.37,-58.30,Wi-Fi,0.01,0.05,SINGLE_WIFI
1760452694.477,74.67,-59.33,Wi-Fi,0.01,0.05,SINGLE_WIFI
1760452694.976,82.97,-60.37,LoRa,0.01,0.05,DROPPED_BY_IM
1760452695.477,91.26,-61.41,LoRa,0.01,0.05,DROPPED_BY_IM
1760452695.979,99.56,-62.44,LoRa,0.01,0.05,DROPPED_BY_IM
1760452696.479,107.86,-63.48,LoRa,0.01,0.05,DROPPED_BY_IM
1760452696.980,116.15,-64.52,LoRa,0.01,0.05,DROPPED_BY_IM
1760452697.480,124.45,-65.56,LoRa,1.00,0.05,DROPPED_BY_IM
1760452697.979,132.75,-66.59,LoRa,1.00,0.05,DROPPED_BY_IM
1760452698.481,141.04,-67.63,LoRa,1.00,0.05,DROPPED_BY_IM
1760452698.981,149.34,-68.67,LoRa,1.00,0.05,DROPPED_BY_IM
1760452699.483,157.64,-69.70,LoRa,1.00,0.05,DROPPED_BY_IM
1760452699.983,165.93,-70.74,LoRa,1.00,0.05,DROPPED_BY_IM
1760452700.483,174.23,-71.78,LoRa,1.00,0.05,DROPPED_BY_IM
1760452700.983,182.53,-72.82,LoRa,1.00,0.05,DROPPED_BY_IM
1760452701.483,190.82,-73.85,LoRa,1.00,0.05,DROPPED_BY_IM
1760452701.984,199.12,-74.89,LoRa,1.00,0.05,DROPPED_BY_IM
1760452702.483,207.42,-75.93,LoRa,1.00,0.05,DROPPED_BY_IM
1760452702.985,215.71,-76.96,LoRa,1.00,0.05,DROPPED_BY_IM
1760452703.484,224.01,-78.00,LoRa,1.00,0.05,DROPPED_BY_IM
1760452703.985,232.31,-79.04,LoRa,1.00,0.05,DROPPED_BY_IM
1760452704.485,240.60,-80.08,LoRa,1.00,0.05,DROPPED_BY_IM
1760452704.987,248.90,-81.11,LoRa,1.00,0.05,DROPPED_BY_IM
1760452705.486,257.20,-82.15,LoRa,1.00,0.05,DROPPED_BY_IM
1760452705.986,265.49,-83.19,LoRa,1.00,0.05,DROPPED_BY_IM
1760452706.487,273.79,-84.22,LoRa,1.00,0.05,DROPPED_BY_IM
1760452706.988,282.09,-85.26,LoRa,1.00,0.05,DROPPED_BY_IM
1760452707.488,290.38,-86.30,LoRa,1.00,0.05,DROPPED_BY_IM
1760452707.995,298.68,-87.33,LoRa,1.00,0.05,DROPPED_BY_IM
1760452708.489,306.98,-88.37,LoRa,1.00,0.05,DROPPED_BY_IM
1760452709.002,315.27,-89.41,LoRa,1.00,0.05,DROPPED_BY_IM
1760452709.492,323.57,-90.45,LoRa,1.00,0.05,DROPPED_BY_IM
1760452709.998,315.27,-89.41,LoRa,1.00,0.05,DROPPED_BY_IM
1760452710.493,306.98,-88.37,LoRa,1.00,0.05,DROPPED_BY_IM
1760452711.006,298.68,-87.33,LoRa,1.00,0.05,DROPPED_BY_IM
1760452711.495,290.38,-86.30,LoRa,1.00,0.05,DROPPED_BY_IM
1760452711.994,282.09,-85.26,LoRa,1.00,0.05,DROPPED_BY_IM
1760452712.496,273.79,-84.22,LoRa,1.00,0.05,DROPPED_BY_IM
1760452713.006,265.49,-83.19,LoRa,1.00,0.05,DROPPED_BY_IM
1760452713.499,257.20,-82.15,LoRa,1.00,0.05,DROPPED_BY_IM
1760452714.006,248.90,-81.11,LoRa,1.00,0.05,DROPPED_BY_IM
1760452714.499,240.60,-80.08,LoRa,1.00,0.05,DROPPED_BY_IM
1760452715.007,232.31,-79.04,LoRa,1.00,0.05,DROPPED_BY_IM
1760452715.509,224.01,-78.00,LoRa,1.00,0.05,DROPPED_BY_IM
1760452716.011,215.71,-76.96,LoRa,1.00,0.05,DROPPED_BY_IM
1760452716.513,207.42,-75.93,LoRa,1.00,0.05,DROPPED_BY_IM
1760452717.012,199.12,-74.89,LoRa,1.00,0.05,DROPPED_BY_IM
1760452717.514,190.82,-73.85,LoRa,1.00,0.05,DROPPED_BY_IM
1760452718.014,182.53,-72.82,LoRa,1.00,0.05,DROPPED_BY_IM
1760452718.515,174.23,-71.78,LoRa,1.00,0.05,DROPPED_BY_IM
1760452719.017,165.93,-70.74,LoRa,1.00,0.05,DROPPED_BY_IM
1760452719.517,157.64,-69.70,LoRa,1.00,0.05,DROPPED_BY_IM
1760452720.017,149.34,-68.67,LoRa,1.00,0.05,DROPPED_BY_IM
1760452720.517,141.04,-67.63,LoRa,1.00,0.05,DROPPED_BY_IM
1760452721.017,132.75,-66.59,LoRa,1.00,0.05,DROPPED_BY_IM
1760452721.518,124.45,-65.56,LoRa,1.00,0.05,DROPPED_BY_IM
1760452722.018,116.15,-64.52,LoRa,0.01,0.05,DROPPED_BY_IM
1760452722.519,107.86,-63.48,LoRa,0.01,0.05,DROPPED_BY_IM
1760452723.020,99.56,-62.44,LoRa,0.01,0.05,DROPPED_BY_IM
1760452723.520,91.26,-61.41,LoRa,0.01,0.05,DROPPED_BY_IM
1760452724.021,82.97,-60.37,LoRa,0.01,0.05,DROPPED_BY_IM
1760452724.522,74.67,-59.33,LoRa,0.01,0.05,DROPPED_BY_IM
1760452725.022,66.37,-58.30,LoRa,0.01,0.05,DROPPED_BY_IM
1760452725.523,58.08,-57.26,LoRa,0.01,0.05,DROPPED_BY_IM
1760452726.024,49.78,-50.00,Wi-Fi,0.01,0.05,SINGLE_WIFI
1760452726.524,41.48,-50.00,Wi-Fi,0.01,0.05,SINGLE_WIFI
1760452727.024,33.19,-50.00,Wi-Fi,0.01,0.05,SINGLE_WIFI
1760452727.524,24.89,-50.00,Wi-Fi,0.01,0.05,SINGLE_WIFI
1760452728.026,16.59,-50.00,Wi-Fi,0.01,0.05,SINGLE_WIFI
1760452728.526,8.30,-50.00,Wi-Fi,0.01,0.05,SINGLE_WIFI
1760452729.027,0.00,-50.00,Wi-Fi,0.01,0.05,SINGLE_WIFI
1760452729.527,8.30,-50.00,Wi-Fi,0.01,0.05,SINGLE_WIFI
1760452730.028,0.00,-50.00,Wi-Fi,0.01,0.05,SINGLE_WIFI
1760452730.528,8.30,-50.00,Wi-Fi,0.01,0.05,SINGLE_WIFI
1760452731.183,16.59,-50.00,Wi-Fi,0.01,0.05,SINGLE_WIFI
1760452731.529,24.89,-50.00,Wi-Fi,0.01,0.05,SINGLE_WIFI
1760452732.030,33.19,-50.00,Wi-Fi,0.01,0.05,SINGLE_WIFI
1760452732.531,41.48,-50.00,Wi-Fi,0.01,0.05,SINGLE_WIFI
1760452733.031,49.78,-50.00,Wi-Fi,0.01,0.05,SINGLE_WIFI
1760452733.531,58.08,-57.26,Wi-Fi,0.01,0.05,SINGLE_WIFI
1760452734.031,66.37,-58.30,Wi-Fi,0.01,0.05,SINGLE_WIFI
1760452734.532,74.67,-59.33,Wi-Fi,0.01,0.05,SINGLE_WIFI
1760452735.033,82.97,-60.37,LoRa,0.01,0.05,DROPPED_BY_IM
1760452735.533,91.26,-61.41,LoRa,0.01,0.05,DROPPED_BY_IM
1760452736.033,99.56,-62.44,LoRa,0.01,0.05,DROPPED_BY_IM
1760452736.535,107.86,-63.48,LoRa,0.01,0.05,DROPPED_BY_IM
1760452737.035,116.15,-64.52,LoRa,0.01,0.05,DROPPED_BY_IM
1760452737.535,124.45,-65.56,LoRa,1.00,0.05,DROPPED_BY_IM
1760452738.036,132.75,-66.59,LoRa,1.00,0.05,DROPPED_BY_IM
1760452738.537,141.04,-67.63,LoRa,1.00,0.05,DROPPED_BY_IM
1760452739.037,149.34,-68.67,LoRa,1.00,0.05,DROPPED_BY_IM
1760452739.536,157.64,-69.70,LoRa,1.00,0.05,DROPPED_BY_IM
1760452740.038,165.93,-70.74,LoRa,1.00,0.05,DROPPED_BY_IM
1760452740.538,174.23,-71.78,LoRa,1.00,0.05,DROPPED_BY_IM
1760452741.039,182.53,-72.82,LoRa,1.00,0.05,DROPPED_BY_IM
1760452741.539,190.82,-73.85,LoRa,1.00,0.05,DROPPED_BY_IM
1760452742.040,199.12,-74.89,LoRa,1.00,0.05,DROPPED_BY_IM
1760452742.541,207.42,-75.93,LoRa,1.00,0.05,DROPPED_BY_IM
1760452743.042,215.71,-76.96,LoRa,1.00,0.05,DROPPED_BY_IM
1760452743.544,224.01,-78.00,LoRa,1.00,0.05,DROPPED_BY_IM
1760452744.044,232.31,-79.04,LoRa,1.00,0.05,DROPPED_BY_IM
1760452744.544,240.60,-80.08,LoRa,1.00,0.05,DROPPED_BY_IM
1760452745.045,248.90,-81.11,LoRa,1.00,0.05,DROPPED_BY_IM
1760452745.546,257.20,-82.15,LoRa,1.00,0.05,DROPPED_BY_IM
1760452746.046,265.49,-83.19,LoRa,1.00,0.05,DROPPED_BY_IM
1760452746.547,273.79,-84.22,LoRa,1.00,0.05,DROPPED_BY_IM
1760452747.048,282.09,-85.26,LoRa,1.00,0.05,DROPPED_BY_IM
1760452747.548,290.38,-86.30,LoRa,1.00,0.05,DROPPED_BY_IM
1760452748.050,298.68,-87.33,LoRa,1.00,0.05,DROPPED_BY_IM
1760452748.549,306.98,-88.37,LoRa,1.00,0.05,DROPPED_BY_IM
1760452749.050,315.27,-89.41,LoRa,1.00,0.05,DROPPED_BY_IM
1760452749.550,323.57,-90.45,LoRa,1.00,0.05,DROPPED_BY_IM
1760452750.052,315.27,-89.41,LoRa,1.00,0.05,DROPPED_BY_IM
1760452750.551,306.98,-88.37,LoRa,1.00,0.05,DROPPED_BY_IM
1760452751.052,298.68,-87.33,LoRa,1.00,0.05,DROPPED_BY_IM
1760452751.552,290.38,-86.30,LoRa,1.00,0.05,DROPPED_BY_IM
1760452752.053,282.09,-85.26,LoRa,1.00,0.05,DROPPED_BY_IM
1760452752.554,273.79,-84.22,LoRa,1.00,0.05,DROPPED_BY_IM
1760452753.054,265.49,-83.19,LoRa,1.00,0.05,DROPPED_BY_IM
1760452753.554,257.20,-82.15,LoRa,1.00,0.05,DROPPED_BY_IM
1760452754.055,248.90,-81.11,LoRa,1.00,0.05,DROPPED_BY_IM
1760452754.555,240.60,-80.08,LoRa,1.00,0.05,DROPPED_BY_IM
1760452755.056,232.31,-79.04,LoRa,1.00,0.05,DROPPED_BY_IM
1760452755.557,224.01,-78.00,LoRa,1.00,0.05,DROPPED_BY_IM
1760452756.058,215.71,-76.96,LoRa,1.00,0.05,DROPPED_BY_IM
1760452756.558,207.42,-75.93,LoRa,1.00,0.05,DROPPED_BY_IM
1760452757.059,199.12,-74.89,LoRa,1.00,0.05,DROPPED_BY_IM
1760452757.559,190.82,-73.85,LoRa,1.00,0.05,DROPPED_BY_IM
1760452758.060,182.53,-72.82,LoRa,1.00,0.05,DROPPED_BY_IM
1760452758.560,174.23,-71.78,LoRa,1.00,0.05,DROPPED_BY_IM
1760452759.060,165.93,-70.74,LoRa,1.00,0.05,DROPPED_BY_IM
1760452759.561,157.64,-69.70,LoRa,1.00,0.05,DROPPED_BY_IM
1760452760.061,149.34,-68.67,LoRa,1.00,0.05,DROPPED_BY_IM
1760452760.561,141.04,-67.63,LoRa,1.00,0.05,DROPPED_BY_IM
1760452761.061,132.75,-66.59,LoRa,1.00,0.05,DROPPED_BY_IM
1760452761.562,124.45,-65.56,LoRa,1.00,0.05,DROPPED_BY_IM
1760452762.062,116.15,-64.52,LoRa,0.01,0.05,DROPPED_BY_IM
1760452762.564,107.86,-63.48,LoRa,0.01,0.05,DROPPED_BY_IM
1760452763.063,99.56,-62.44,LoRa,0.01,0.05,DROPPED_BY_IM
1760452763.564,91.26,-61.41,LoRa,0.01,0.05,DROPPED_BY_IM
1760452764.065,82.97,-60.37,LoRa,0.01,0.05,DROPPED_BY_IM
1760452764.565,74.67,-59.33,LoRa,0.01,0.05,DROPPED_BY_IM
1760452765.067,66.37,-58.30,LoRa,0.01,0.05,DROPPED_BY_IM
1760452765.567,58.08,-57.26,LoRa,0.01,0.05,DROPPED_BY_IM
1760452766.068,49.78,-50.00,Wi-Fi,0.01,0.05,SINGLE_WIFI
1760452766.568,41.48,-50.00,Wi-Fi,0.01,0.05,SINGLE_WIFI
1760452767.069,33.19,-50.00,Wi-Fi,0.01,0.05,SINGLE_WIFI
1760452767.570,24.89,-50.00,Wi-Fi,0.01,0.05,SINGLE_WIFI
1760452768.070,16.59,-50.00,Wi-Fi,0.01,0.05,SINGLE_WIFI
1760452768.571,8.30,-50.00,Wi-Fi,0.01,0.05,SINGLE_WIFI
1760452769.071,0.00,-50.00,Wi-Fi,0.01,0.05,SINGLE_WIFI
1760452769.572,8.30,-50.00,Wi-Fi,0.01,0.05,SINGLE_WIFI
1760452770.073,0.00,-50.00,Wi-Fi,0.01,0.05,SINGLE_WIFI
1760452770.574,8.30,-50.00,Wi-Fi,0.01,0.05,SINGLE_WIFI
1760452771.074,16.59,-50.00,Wi-Fi,0.01,0.05,SINGLE_WIFI
1760452771.575,24.89,-50.00,Wi-Fi,0.01,0.05,SINGLE_WIFI
1760452772.075,33.19,-50.00,Wi-Fi,0.01,0.05,SINGLE_WIFI
1760452772.575,41.48,-50.00,Wi-Fi,0.01,0.05,SINGLE_WIFI
1760452773.076,49.78,-50.00,Wi-Fi,0.01,0.05,SINGLE_WIFI
1760452773.576,58.08,-57.26,Wi-Fi,0.01,0.05,SINGLE_WIFI
1760452774.077,66.37,-58.30,Wi-Fi,0.01,0.05,SINGLE_WIFI
1760452774.577,74.67,-59.33,Wi-Fi,0.01,0.05,SINGLE_WIFI
1760452775.077,82.97,-60.37,LoRa,0.01,0.05,DROPPED_BY_IM
1760452775.578,91.26,-61.41,LoRa,0.01,0.05,DROPPED_BY_IM
1760452776.079,99.56,-62.44,LoRa,0.01,0.05,DROPPED_BY_IM
1760452776.578,107.86,-63.48,LoRa,0.01,0.05,DROPPED_BY_IM
1760452777.080,116.15,-64.52,LoRa,0.01,0.05,DROPPED_BY_IM
1760452777.580,124.45,-65.56,LoRa,1.00,0.05,DROPPED_BY_IM
1760452778.080,132.75,-66.59,LoRa,1.00,0.05,DROPPED_BY_IM
1760452778.581,141.04,-67.63,LoRa,1.00,0.05,DROPPED_BY_IM
1760452779.081,149.34,-68.67,LoRa,1.00,0.05,DROPPED_BY_IM
1760452779.581,157.64,-69.70,LoRa,1.00,0.05,DROPPED_BY_IM
1760452780.082,165.93,-70.74,LoRa,1.00,0.05,DROPPED_BY_IM
1760452780.583,174.23,-71.78,LoRa,1.00,0.05,DROPPED_BY_IM
1760452781.084,182.53,-72.82,LoRa,1.00,0.05,DROPPED_BY_IM
1760452781.584,190.82,-73.85,LoRa,1.00,0.05,DROPPED_BY_IM
1760452782.084,199.12,-74.89,LoRa,1.00,0.05,DROPPED_BY_IM
1760452782.584,207.42,-75.93,LoRa,1.00,0.05,DROPPED_BY_IM
1760452783.084,215.71,-76.96,LoRa,1.00,0.05,DROPPED_BY_IM
1760452783.586,224.01,-78.00,LoRa,1.00,0.05,DROPPED_BY_IM
1760452784.085,232.31,-79.04,LoRa,1.00,0.05,DROPPED_BY_IM
1760452784.586,240.60,-80.08,LoRa,1.00,0.05,DROPPED_BY_IM
1760452785.086,248.90,-81.11,LoRa,1.00,0.05,DROPPED_BY_IM
1760452785.587,257.20,-82.15,LoRa,1.00,0.05,DROPPED_BY_IM
1760452786.087,265.49,-83.19,LoRa,1.00,0.05,DROPPED_BY_IM
1760452786.587,273.79,-84.22,LoRa,1.00,0.05,DROPPED_BY_IM
1760452787.088,282.09,-85.26,LoRa,1.00,0.05,DROPPED_BY_IM
1760452787.588,290.38,-86.30,LoRa,1.00,0.05,DROPPED_BY_IM
1760452788.088,298.68,-87.33,LoRa,1.00,0.05,DROPPED_BY_IM
1760452788.590,306.98,-88.37,LoRa,1.00,0.05,DROPPED_BY_IM
1760452789.090,315.27,-89.41,LoRa,1.00,0.05,DROPPED_BY_IM
1760452789.591,323.57,-90.45,LoRa,1.00,0.05,DROPPED_BY_IM
1760452790.092,315.27,-89.41,LoRa,1.00,0.05,DROPPED_BY_IM
1760452790.592,306.98,-88.37,LoRa,1.00,0.05,DROPPED_BY_IM
1760452791.092,298.68,-87.33,LoRa,1.00,0.05,DROPPED_BY_IM
1760452791.593,290.38,-86.30,LoRa,1.00,0.05,DROPPED_BY_IM
1760452792.094,282.09,-85.26,LoRa,1.00,0.05,DROPPED_BY_IM
1760452792.595,273.79,-84.22,LoRa,1.00,0.05,DROPPED_BY_IM
1760452793.095,265.49,-83.19,LoRa,1.00,0.05,DROPPED_BY_IM
1760452793.595,257.20,-82.15,LoRa,1.00,0.05,DROPPED_BY_IM
1760452794.096,248.90,-81.11,LoRa,1.00,0.05,DROPPED_BY_IM
1760452794.597,240.60,-80.08,LoRa,1.00,0.05,DROPPED_BY_IM
1760452795.097,232.31,-79.04,LoRa,1.00,0.05,DROPPED_BY_IM
1760452795.597,224.01,-78.00,LoRa,1.00,0.05,DROPPED_BY_IM
1760452796.098,215.71,-76.96,LoRa,1.00,0.05,DROPPED_BY_IM
1760452796.599,207.42,-75.93,LoRa,1.00,0.05,DROPPED_BY_IM
1760452797.099,199.12,-74.89,LoRa,1.00,0.05,DROPPED_BY_IM
1760452797.599,190.82,-73.85,LoRa,1.00,0.05,DROPPED_BY_IM
1760452798.100,182.53,-72.82,LoRa,1.00,0.05,DROPPED_BY_IM
1760452798.600,174.23,-71.78,LoRa,1.00,0.05,DROPPED_BY_IM
1760452799.100,165.93,-70.74,LoRa,1.00,0.05,DROPPED_BY_IM
1760452799.603,157.64,-69.70,LoRa,1.00,0.05,DROPPED_BY_IM
1760452800.101,149.34,-68.67,LoRa,1.00,0.05,DROPPED_BY_IM
1760452800.603,141.04,-67.63,LoRa,1.00,0.05,DROPPED_BY_IM
1760452801.103,132.75,-66.59,LoRa,1.00,0.05,DROPPED_BY_IM
1760452801.605,124.45,-65.56,LoRa,1.00,0.05,DROPPED_BY_IM
1760452802.105,116.15,-64.52,LoRa,0.01,0.05,DROPPED_BY_IM
1760452802.605,107.86,-63.48,LoRa,0.01,0.05,DROPPED_BY_IM
1760452803.105,99.56,-62.44,LoRa,0.01,0.05,DROPPED_BY_IM
1760452803.606,91.26,-61.41,LoRa,0.01,0.05,DROPPED_BY_IM
1760452804.107,82.97,-60.37,LoRa,0.01,0.05,DROPPED_BY_IM
1760452804.607,74.67,-59.33,LoRa,0.01,0.05,DROPPED_BY_IM
1760452805.107,66.37,-58.30,LoRa,0.01,0.05,DROPPED_BY_IM
1760452805.608,58.08,-57.26,LoRa,0.01,0.05,DROPPED_BY_IM
1760452806.108,49.78,-50.00,Wi-Fi,0.01,0.05,SINGLE_WIFI
1760452806.609,41.48,-50.00,Wi-Fi,0.01,0.05,SINGLE_WIFI
1760452807.109,33.19,-50.00,Wi-Fi,0.01,0.05,SINGLE_WIFI
1760452807.611,24.89,-50.00,Wi-Fi,0.01,0.05,SINGLE_WIFI
1760452808.111,16.59,-50.00,Wi-Fi,0.01,0.05,SINGLE_WIFI
1760452808.611,8.30,-50.00,Wi-Fi,0.01,0.05,SINGLE_WIFI
1760452809.111,0.00,-50.00,Wi-Fi,0.01,0.05,SINGLE_WIFI
1760452809.612,8.30,-50.00,Wi-Fi,0.01,0.05,SINGLE_WIFI
1760452810.112,0.00,-50.00,Wi-Fi,0.01,0.05,SINGLE_WIFI
1760452810.613,8.30,-50.00,Wi-Fi,0.01,0.05,SINGLE_WIFI
1760452811.113,16.59,-50.00,Wi-Fi,0.01,0.05,SINGLE_WIFI
1760452811.613,24.89,-50.00,Wi-Fi,0.01,0.05,SINGLE_WIFI
1760452812.115,33.19,-50.00,Wi-Fi,0.01,0.05,SINGLE_WIFI
1760452812.616,41.48,-50.00,Wi-Fi,0.01,0.05,SINGLE_WIFI
1760452813.116,49.78,-50.00,Wi-Fi,0.01,0.05,SINGLE_WIFI
1760452813.617,58.08,-57.26,Wi-Fi,0.01,0.05,SINGLE_WIFI
1760452814.117,66.37,-58.30,Wi-Fi,0.01,0.05,SINGLE_WIFI
1760452814.618,74.67,-59.33,Wi-Fi,0.01,0.05,SINGLE_WIFI
1760452815.118,82.97,-60.37,LoRa,0.01,0.05,DROPPED_BY_IM
1760452815.619,91.26,-61.41,LoRa,0.01,0.05,DROPPED_BY_IM
1760452816.118,99.56,-62.44,LoRa,0.01,0.05,DROPPED_BY_IM
1760452816.620,107.86,-63.48,LoRa,0.01,0.05,DROPPED_BY_IM
1760452817.119,116.15,-64.52,LoRa,0.01,0.05,DROPPED_BY_IM
1760452817.621,124.45,-65.56,LoRa,1.00,0.05,DROPPED_BY_IM
1760452818.120,132.75,-66.59,LoRa,1.00,0.05,DROPPED_BY_IM
1760452818.621,141.04,-67.63,LoRa,1.00,0.05,DROPPED_BY_IM
1760452819.121,149.34,-68.67,LoRa,1.00,0.05,DROPPED_BY_IM
1760452819.622,157.64,-69.70,LoRa,1.00,0.05,DROPPED_BY_IM
1760452820.123,165.93,-70.74,LoRa,1.00,0.05,DROPPED_BY_IM
1760452820.623,174.23,-71.78,LoRa,1.00,0.05,DROPPED_BY_IM
1760452821.123,182.53,-72.82,LoRa,1.00,0.05,DROPPED_BY_IM
1760452821.625,190.82,-73.85,LoRa,1.00,0.05,DROPPED_BY_IM
1760452822.125,199.12,-74.89,LoRa,1.00,0.05,DROPPED_BY_IM
1760452822.625,207.42,-75.93,LoRa,1.00,0.05,DROPPED_BY_IM
1760452823.126,215.71,-76.96,LoRa,1.00,0.05,DROPPED_BY_IM
1760452823.626,224.01,-78.00,LoRa,1.00,0.05,DROPPED_BY_IM
1760452824.127,232.31,-79.04,LoRa,1.00,0.05,DROPPED_BY_IM
1760452824.627,240.60,-80.08,LoRa,1.00,0.05,DROPPED_BY_IM
1760452825.128,248.90,-81.11,LoRa,1.00,0.05,DROPPED_BY_IM
1760452825.629,257.20,-82.15,LoRa,1.00,0.05,DROPPED_BY_IM
1760452826.130,265.49,-83.19,LoRa,1.00,0.05,DROPPED_BY_IM
1760452826.629,273.79,-84.22,LoRa,1.00,0.05,DROPPED_BY_IM
1760452827.131,282.09,-85.26,LoRa,1.00,0.05,DROPPED_BY_IM
1760452827.630,290.38,-86.30,LoRa,1.00,0.05,DROPPED_BY_IM
1760452828.130,298.68,-87.33,LoRa,1.00,0.05,DROPPED_BY_IM
1760452828.632,306.98,-88.37,LoRa,1.00,0.05,DROPPED_BY_IM
1760452829.132,315.27,-89.41,LoRa,1.00,0.05,DROPPED_BY_IM
1760452829.633,323.57,-90.45,LoRa,1.00,0.05,DROPPED_BY_IM
1760452830.133,315.27,-89.41,LoRa,1.00,0.05,DROPPED_BY_IM
1760452830.633,306.98,-88.37,LoRa,1.00,0.05,DROPPED_BY_IM
1760452831.134,298.68,-87.33,LoRa,1.00,0.05,DROPPED_BY_IM
1760452831.633,290.38,-86.30,LoRa,1.00,0.05,DROPPED_BY_IM
1760452832.135,282.09,-85.26,LoRa,1.00,0.05,DROPPED_BY_IM
1760452832.635,273.79,-84.22,LoRa,1.00,0.05,DROPPED_BY_IM
1760452833.135,265.49,-83.19,LoRa,1.00,0.05,DROPPED_BY_IM
1760452833.636,257.20,-82.15,LoRa,1.00,0.05,DROPPED_BY_IM
1760452834.136,248.90,-81.11,LoRa,1.00,0.05,DROPPED_BY_IM
1760452834.636,240.60,-80.08,LoRa,1.00,0.05,DROPPED_BY_IM
1760452835.138,232.31,-79.04,LoRa,1.00,0.05,DROPPED_BY_IM
1760452835.638,224.01,-78.00,LoRa,1.00,0.05,DROPPED_BY_IM
1760452836.137,215.71,-76.96,LoRa,1.00,0.05,DROPPED_BY_IM
1760452836.638,207.42,-75.93,LoRa,1.00,0.05,DROPPED_BY_IM
1760452837.139,199.12,-74.89,LoRa,1.00,0.05,DROPPED_BY_IM
1760452837.640,190.82,-73.85,LoRa,1.00,0.05,DROPPED_BY_IM
1760452838.140,182.53,-72.82,LoRa,1.00,0.05,DROPPED_BY_IM
1760452838.641,174.23,-71.78,LoRa,1.00,0.05,DROPPED_BY_IM
1760452839.141,165.93,-70.74,LoRa,1.00,0.05,DROPPED_BY_IM
1760452839.644,157.64,-69.70,LoRa,1.00,0.05,DROPPED_BY_IM
1760452840.144,149.34,-68.67,LoRa,1.00,0.05,DROPPED_BY_IM
1760452840.644,141.04,-67.63,LoRa,1.00,0.05,DROPPED_BY_IM
1760452841.145,132.75,-66.59,LoRa,1.00,0.05,DROPPED_BY_IM
1760452841.644,124.45,-65.56,LoRa,1.00,0.05,DROPPED_BY_IM
1760452842.145,116.15,-64.52,LoRa,0.01,0.05,DROPPED_BY_IM
1760452842.646,107.86,-63.48,LoRa,0.01,0.05,DROPPED_BY_IM
1760452843.145,99.56,-62.44,LoRa,0.01,0.05,DROPPED_BY_IM
1760452843.646,91.26,-61.41,LoRa,0.01,0.05,DROPPED_BY_IM
1760452844.147,82.97,-60.37,LoRa,0.01,0.05,DROPPED_BY_IM
1760452844.648,74.67,-59.33,LoRa,0.01,0.05,DROPPED_BY_IM
1760452845.148,66.37,-58.30,LoRa,0.01,0.05,DROPPED_BY_IM
1760452845.672,58.08,-57.26,LoRa,0.01,0.05,DROPPED_BY_IM
1760452846.149,49.78,-50.00,Wi-Fi,0.01,0.05,SINGLE_WIFI
1760452846.650,41.48,-50.00,Wi-Fi,0.01,0.05,SINGLE_WIFI
1760452847.151,33.19,-50.00,Wi-Fi,0.01,0.05,SINGLE_WIFI
1760452847.651,24.89,-50.00,Wi-Fi,0.01,0.05,SINGLE_WIFI
1760452848.151,16.59,-50.00,Wi-Fi,0.01,0.05,SINGLE_WIFI
1760452848.652,8.30,-50.00,Wi-Fi,0.01,0.05,SINGLE_WIFI
1760452849.153,0.00,-50.00,Wi-Fi,0.01,0.05,SINGLE_WIFI
1760452849.653,8.30,-50.00,Wi-Fi,0.01,0.05,SINGLE_WIFI
1760452850.155,0.00,-50.00,Wi-Fi,0.01,0.05,SINGLE_WIFI
1760452850.654,8.30,-50.00,Wi-Fi,0.01,0.05,SINGLE_WIFI
1760452851.155,16.59,-50.00,Wi-Fi,0.01,0.05,SINGLE_WIFI
1760452851.656,24.89,-50.00,Wi-Fi,0.01,0.05,SINGLE_WIFI
1760452852.156,33.19,-50.00,Wi-Fi,0.01,0.05,SINGLE_WIFI
1760452852.657,41.48,-50.00,Wi-Fi,0.01,0.05,SINGLE_WIFI
1760452853.158,49.78,-50.00,Wi-Fi,0.01,0.05,SINGLE_WIFI
1760452853.658,58.08,-57.26,Wi-Fi,0.01,0.05,SINGLE_WIFI
1760452854.159,66.37,-58.30,Wi-Fi,0.01,0.05,SINGLE_WIFI
1760452854.658,74.67,-59.33,Wi-Fi,0.01,0.05,SINGLE_WIFI
1760452855.159,82.97,-60.37,LoRa,0.01,0.05,DROPPED_BY_IM
1760452855.661,91.26,-61.41,LoRa,0.01,0.05,DROPPED_BY_IM
1760452856.162,99.56,-62.44,LoRa,0.01,0.05,DROPPED_BY_IM
1760452856.662,107.86,-63.48,LoRa,0.01,0.05,DROPPED_BY_IM
1760452857.162,116.15,-64.52,LoRa,0.01,0.05,DROPPED_BY_IM
1760452857.661,124.45,-65.56,LoRa,1.00,0.05,DROPPED_BY_IM
1760452858.162,132.75,-66.59,LoRa,1.00,0.05,DROPPED_BY_IM
1760452858.664,141.04,-67.63,LoRa,1.00,0.05,DROPPED_BY_IM
1760452859.164,149.34,-68.67,LoRa,1.00,0.05,DROPPED_BY_IM
1760452859.664,157.64,-69.70,LoRa,1.00,0.05,DROPPED_BY_IM
1760452860.164,165.93,-70.74,LoRa,1.00,0.05,DROPPED_BY_IM
1760452860.665,174.23,-71.78,LoRa,1.00,0.05,DROPPED_BY_IM
1760452861.165,182.53,-72.82,LoRa,1.00,0.05,DROPPED_BY_IM
1760452861.665,190.82,-73.85,LoRa,1.00,0.05,DROPPED_BY_IM
1760452862.166,199.12,-74.89,LoRa,1.00,0.05,DROPPED_BY_IM
1760452862.668,207.42,-75.93,LoRa,1.00,0.05,DROPPED_BY_IM
1760452863.168,215.71,-76.96,LoRa,1.00,0.05,DROPPED_BY_IM
1760452863.668,224.01,-78.00,LoRa,1.00,0.05,DROPPED_BY_IM
1760452864.168,232.31,-79.04,LoRa,1.00,0.05,DROPPED_BY_IM
1760452864.669,240.60,-80.08,LoRa,1.00,0.05,DROPPED_BY_IM
1760452865.170,248.90,-81.11,LoRa,1.00,0.05,DROPPED_BY_IM
1760452865.670,257.20,-82.15,LoRa,1.00,0.05,DROPPED_BY_IM
1760452866.170,265.49,-83.19,LoRa,1.00,0.05,DROPPED_BY_IM
1760452866.670,273.79,-84.22,LoRa,1.00,0.05,DROPPED_BY_IM
1760452867.171,282.09,-85.26,LoRa,1.00,0.05,DROPPED_BY_IM
1760452867.671,290.38,-86.30,LoRa,1.00,0.05,DROPPED_BY_IM
1760452868.172,298.68,-87.33,LoRa,1.00,0.05,DROPPED_BY_IM
1760452868.672,306.98,-88.37,LoRa,1.00,0.05,DROPPED_BY_IM
1760452869.173,315.27,-89.41,LoRa,1.00,0.05,DROPPED_BY_IM
1760452869.674,323.57,-90.45,LoRa,1.00,0.05,DROPPED_BY_IM
1760452870.174,315.27,-89.41,LoRa,1.00,0.05,DROPPED_BY_IM
1760452870.674,306.98,-88.37,LoRa,1.00,0.05,DROPPED_BY_IM
1760452871.175,298.68,-87.33,LoRa,1.00,0.05,DROPPED_BY_IM
1760452871.676,290.38,-86.30,LoRa,1.00,0.05,DROPPED_BY_IM
1760452872.176,282.09,-85.26,LoRa,1.00,0.05,DROPPED_BY_IM
1760452872.676,273.79,-84.22,LoRa,1.00,0.05,DROPPED_BY_IM
1760452873.177,265.49,-83.19,LoRa,1.00,0.05,DROPPED_BY_IM
1760452873.677,257.20,-82.15,LoRa,1.00,0.05,DROPPED_BY_IM
1760452874.176,248.90,-81.11,LoRa,1.00,0.05,DROPPED_BY_IM
1760452874.677,240.60,-80.08,LoRa,1.00,0.05,DROPPED_BY_IM
1760452875.178,232.31,-79.04,LoRa,1.00,0.05,DROPPED_BY_IM
1760452875.677,224.01,-78.00,LoRa,1.00,0.05,DROPPED_BY_IM
1760452876.180,215.71,-76.96,LoRa,1.00,0.05,DROPPED_BY_IM
1760452876.679,207.42,-75.93,LoRa,1.00,0.05,DROPPED_BY_IM
1760452877.180,199.12,-74.89,LoRa,1.00,0.05,DROPPED_BY_IM
1760452877.680,190.82,-73.85,LoRa,1.00,0.05,DROPPED_BY_IM
1760452878.181,182.53,-72.82,LoRa,1.00,0.05,DROPPED_BY_IM
1760452878.680,174.23,-71.78,LoRa,1.00,0.05,DROPPED_BY_IM
1760452879.182,165.93,-70.74,LoRa,1.00,0.05,DROPPED_BY_IM
1760452879.681,157.64,-69.70,LoRa,1.00,0.05,DROPPED_BY_IM
1760452880.182,149.34,-68.67,LoRa,1.00,0.05,DROPPED_BY_IM
1760452880.682,141.04,-67.63,LoRa,1.00,0.05,DROPPED_BY_IM
1760452881.184,132.75,-66.59,LoRa,1.00,0.05,DROPPED_BY_IM
1760452881.684,124.45,-65.56,LoRa,1.00,0.05,DROPPED_BY_IM
1760452882.184,116.15,-64.52,LoRa,0.01,0.05,DROPPED_BY_IM
1760452882.684,107.86,-63.48,LoRa,0.01,0.05,DROPPED_BY_IM
1760452883.184,99.56,-62.44,LoRa,0.01,0.05,DROPPED_BY_IM
1760452883.685,91.26,-61.41,LoRa,0.01,0.05,DROPPED_BY_IM
1760452884.187,82.97,-60.37,LoRa,0.01,0.05,DROPPED_BY_IM
1760452884.687,74.67,-59.33,LoRa,0.01,0.05,DROPPED_BY_IM
1760452885.186,66.37,-58.30,LoRa,0.01,0.05,DROPPED_BY_IM
1760452885.686,58.08,-57.26,LoRa,0.01,0.05,DROPPED_BY_IM
1760452886.188,49.78,-50.00,Wi-Fi,0.01,0.05,SINGLE_WIFI
1760452886.689,41.48,-50.00,Wi-Fi,0.01,0.05,SINGLE_WIFI
1760452887.189,33.19,-50.00,Wi-Fi,0.01,0.05,SINGLE_WIFI
1760452887.690,24.89,-50.00,Wi-Fi,0.01,0.05,SINGLE_WIFI
1760452888.190,16.59,-50.00,Wi-Fi,0.01,0.05,SINGLE_WIFI
1760452888.690,8.30,-50.00,Wi-Fi,0.01,0.05,SINGLE_WIFI
1760452889.190,0.00,-50.00,Wi-Fi,0.01,0.05,SINGLE_WIFI
1760452889.691,8.30,-50.00,Wi-Fi,0.01,0.05,SINGLE_WIFI
1760452890.193,0.00,-50.00,Wi-Fi,0.01,0.05,SINGLE_WIFI
1760452890.694,8.30,-50.00,Wi-Fi,0.01,0.05,SINGLE_WIFI
1760452891.194,16.59,-50.00,Wi-Fi,0.01,0.05,SINGLE_WIFI
1760452891.693,24.89,-50.00,Wi-Fi,0.01,0.05,SINGLE_WIFI
1760452892.195,33.19,-50.00,Wi-Fi,0.01,0.05,SINGLE_WIFI
1760452892.695,41.48,-50.00,Wi-Fi,0.01,0.05,SINGLE_WIFI
1760452893.195,49.78,-50.00,Wi-Fi,0.01,0.05,SINGLE_WIFI
1760452893.696,58.08,-57.26,Wi-Fi,0.01,0.05,SINGLE_WIFI
1760452894.196,66.37,-58.30,Wi-Fi,0.01,0.05,SINGLE_WIFI
1760452894.697,74.67,-59.33,Wi-Fi,0.01,0.05,SINGLE_WIFI
1760452895.198,82.97,-60.37,LoRa,0.01,0.05,DROPPED_BY_IM
1760452895.697,91.26,-61.41,LoRa,0.01,0.05,DROPPED_BY_IM
1760452896.198,99.56,-62.44,LoRa,0.01,0.05,DROPPED_BY_IM
1760452896.698,107.86,-63.48,LoRa,0.01,0.05,DROPPED_BY_IM
1760452897.200,116.15,-64.52,LoRa,0.01,0.05,DROPPED_BY_IM
1760452897.700,124.45,-65.56,LoRa,1.00,0.05,DROPPED_BY_IM
1760452898.201,132.75,-66.59,LoRa,1.00,0.05,DROPPED_BY_IM
1760452898.701,141.04,-67.63,LoRa,1.00,0.05,DROPPED_BY_IM
1760452899.201,149.34,-68.67,LoRa,1.00,0.05,DROPPED_BY_IM
1760452899.702,157.64,-69.70,LoRa,1.00,0.05,DROPPED_BY_IM
1760452900.202,165.93,-70.74,LoRa,1.00,0.05,DROPPED_BY_IM
1760452900.702,174.23,-71.78,LoRa,1.00,0.05,DROPPED_BY_IM
1760452901.202,182.53,-72.82,LoRa,1.00,0.05,DROPPED_BY_IM
1760452901.703,190.82,-73.85,LoRa,1.00,0.05,DROPPED_BY_IM
1760452902.204,199.12,-74.89,LoRa,1.00,0.05,DROPPED_BY_IM
1760452902.705,207.42,-75.93,LoRa,1.00,0.05,DROPPED_BY_IM
1760452903.204,215.71,-76.96,LoRa,1.00,0.05,DROPPED_BY_IM
1760452903.704,224.01,-78.00,LoRa,1.00,0.05,DROPPED_BY_IM
1760452904.205,232.31,-79.04,LoRa,1.00,0.05,DROPPED_BY_IM
1760452904.705,240.60,-80.08,LoRa,1.00,0.05,DROPPED_BY_IM
1760452905.205,248.90,-81.11,LoRa,1.00,0.05,DROPPED_BY_IM
1760452905.707,257.20,-82.15,LoRa,1.00,0.05,DROPPED_BY_IM
1760452906.206,265.49,-83.19,LoRa,1.00,0.05,DROPPED_BY_IM
1760452906.707,273.79,-84.22,LoRa,1.00,0.05,DROPPED_BY_IM
1760452907.208,282.09,-85.26,LoRa,1.00,0.05,DROPPED_BY_IM
1760452907.708,290.38,-86.30,LoRa,1.00,0.05,DROPPED_BY_IM
1760452908.209,298.68,-87.33,LoRa,1.00,0.05,DROPPED_BY_IM
1760452908.709,306.98,-88.37,LoRa,1.00,0.05,DROPPED_BY_IM
1760452909.210,315.27,-89.41,LoRa,1.00,0.05,DROPPED_BY_IM
1760452909.710,323.57,-90.45,LoRa,1.00,0.05,DROPPED_BY_IM
1760452910.210,315.27,-89.41,LoRa,1.00,0.05,DROPPED_BY_IM
1760452910.711,306.98,-88.37,LoRa,1.00,0.05,DROPPED_BY_IM
1760452911.212,298.68,-87.33,LoRa,1.00,0.05,DROPPED_BY_IM
1760452911.711,290.38,-86.30,LoRa,1.00,0.05,DROPPED_BY_IM
1760452912.212,282.09,-85.26,LoRa,1.00,0.05,DROPPED_BY_IM
1760452912.712,273.79,-84.22,LoRa,1.00,0.05,DROPPED_BY_IM
1760452913.212,265.49,-83.19,LoRa,1.00,0.05,DROPPED_BY_IM
1760452913.713,257.20,-82.15,LoRa,1.00,0.05,DROPPED_BY_IM
1760452914.214,248.90,-81.11,LoRa,1.00,0.05,DROPPED_BY_IM
1760452914.713,240.60,-80.08,LoRa,1.00,0.05,DROPPED_BY_IM
1760452915.214,232.31,-79.04,LoRa,1.00,0.05,DROPPED_BY_IM
1760452915.715,224.01,-78.00,LoRa,1.00,0.05,DROPPED_BY_IM
1760452916.216,215.71,-76.96,LoRa,1.00,0.05,DROPPED_BY_IM
1760452916.716,207.42,-75.93,LoRa,1.00,0.05,DROPPED_BY_IM
1760452917.217,199.12,-74.89,LoRa,1.00,0.05,DROPPED_BY_IM
1760452917.717,190.82,-73.85,LoRa,1.00,0.05,DROPPED_BY_IM
1760452918.217,182.53,-72.82,LoRa,1.00,0.05,DROPPED_BY_IM
1760452918.718,174.23,-71.78,LoRa,1.00,0.05,DROPPED_BY_IM
1760452919.218,165.93,-70.74,LoRa,1.00,0.05,DROPPED_BY_IM
1760452919.718,157.64,-69.70,LoRa,1.00,0.05,DROPPED_BY_IM
1760452920.219,149.34,-68.67,LoRa,1.00,0.05,DROPPED_BY_IM
1760452920.720,141.04,-67.63,LoRa,1.00,0.05,DROPPED_BY_IM
1760452921.220,132.75,-66.59,LoRa,1.00,0.05,DROPPED_BY_IM
1760452921.722,124.45,-65.56,LoRa,1.00,0.05,DROPPED_BY_IM
1760452922.222,116.15,-64.52,LoRa,0.01,0.05,DROPPED_BY_IM
1760452922.723,107.86,-63.48,LoRa,0.01,0.05,DROPPED_BY_IM
1760452923.223,99.56,-62.44,LoRa,0.01,0.05,DROPPED_BY_IM
1760452923.723,91.26,-61.41,LoRa,0.01,0.05,DROPPED_BY_IM
1760452924.223,82.97,-60.37,LoRa,0.01,0.05,DROPPED_BY_IM
1760452924.725,74.67,-59.33,LoRa,0.01,0.05,DROPPED_BY_IM
1760452925.225,66.37,-58.30,LoRa,0.01,0.05,DROPPED_BY_IM
1760452925.725,58.08,-57.26,LoRa,0.01,0.05,DROPPED_BY_IM
1760452926.226,49.78,-50.00,Wi-Fi,0.01,0.05,SINGLE_WIFI
1760452926.726,41.48,-50.00,Wi-Fi,0.01,0.05,SINGLE_WIFI
1760452927.227,33.19,-50.00,Wi-Fi,0.01,0.05,SINGLE_WIFI
1760452927.726,24.89,-50.00,Wi-Fi,0.01,0.05,SINGLE_WIFI
1760452928.228,16.59,-50.00,Wi-Fi,0.01,0.05,SINGLE_WIFI
1760452928.727,8.30,-50.00,Wi-Fi,0.01,0.05,SINGLE_WIFI
1760452929.228,0.00,-50.00,Wi-Fi,0.01,0.05,SINGLE_WIFI
1760452929.729,8.30,-50.00,Wi-Fi,0.01,0.05,SINGLE_WIFI
1760452930.231,0.00,-50.00,Wi-Fi,0.01,0.05,SINGLE_WIFI
1760452930.731,8.30,-50.00,Wi-Fi,0.01,0.05,SINGLE_WIFI
1760452931.231,16.59,-50.00,Wi-Fi,0.01,0.05,SINGLE_WIFI
1760452931.733,24.89,-50.00,Wi-Fi,0.01,0.05,SINGLE_WIFI
1760452932.233,33.19,-50.00,Wi-Fi,0.01,0.05,SINGLE_WIFI
1760452932.733,41.48,-50.00,Wi-Fi,0.01,0.05,SINGLE_WIFI
1760452933.234,49.78,-50.00,Wi-Fi,0.01,0.05,SINGLE_WIFI
1760452933.734,58.08,-57.26,Wi-Fi,0.01,0.05,SINGLE_WIFI
1760452934.235,66.37,-58.30,Wi-Fi,0.01,0.05,SINGLE_WIFI
1760452934.735,74.67,-59.33,Wi-Fi,0.01,0.05,SINGLE_WIFI
1760452935.235,82.97,-60.37,LoRa,0.01,0.05,DROPPED_BY_IM
1760452935.737,91.26,-61.41,LoRa,0.01,0.05,DROPPED_BY_IM
1760452936.237,99.56,-62.44,LoRa,0.01,0.05,DROPPED_BY_IM
1760452936.737,107.86,-63.48,LoRa,0.01,0.05,DROPPED_BY_IM
1760452937.238,116.15,-64.52,LoRa,0.01,0.05,DROPPED_BY_IM
1760452937.738,124.45,-65.56,LoRa,1.00,0.05,DROPPED_BY_IM
1760452938.239,132.75,-66.59,LoRa,1.00,0.05,DROPPED_BY_IM
1760452938.739,141.04,-67.63,LoRa,1.00,0.05,DROPPED_BY_IM
1760452939.240,149.34,-68.67,LoRa,1.00,0.05,DROPPED_BY_IM
1760452939.739,157.64,-69.70,LoRa,1.00,0.05,DROPPED_BY_IM
1760452940.241,165.93,-70.74,LoRa,1.00,0.05,DROPPED_BY_IM
1760452940.741,174.23,-71.78,LoRa,1.00,0.05,DROPPED_BY_IM
1760452941.241,182.53,-72.82,LoRa,1.00,0.05,DROPPED_BY_IM
1760452941.742,190.82,-73.85,LoRa,1.00,0.05,DROPPED_BY_IM
1760452942.242,199.12,-74.89,LoRa,1.00,0.05,DROPPED_BY_IM
1760452942.743,207.42,-75.93,LoRa,1.00,0.05,DROPPED_BY_IM
1760452943.243,215.71,-76.96,LoRa,1.00,0.05,DROPPED_BY_IM
1760452943.744,224.01,-78.00,LoRa,1.00,0.05,DROPPED_BY_IM
1760452944.243,232.31,-79.04,LoRa,1.00,0.05,DROPPED_BY_IM
1760452944.744,240.60,-80.08,LoRa,1.00,0.05,DROPPED_BY_IM
1760452945.245,248.90,-81.11,LoRa,1.00,0.05,DROPPED_BY_IM
1760452945.746,257.20,-82.15,LoRa,1.00,0.05,DROPPED_BY_IM
1760452946.246,265.49,-83.19,LoRa,1.00,0.05,DROPPED_BY_IM
1760452946.747,273.79,-84.22,LoRa,1.00,0.05,DROPPED_BY_IM
1760452947.248,282.09,-85.26,LoRa,1.00,0.05,DROPPED_BY_IM
1760452947.748,290.38,-86.30,LoRa,1.00,0.05,DROPPED_BY_IM
1760452948.248,298.68,-87.33,LoRa,1.00,0.05,DROPPED_BY_IM
1760452948.748,306.98,-88.37,LoRa,1.00,0.05,DROPPED_BY_IM
1760452949.248,315.27,-89.41,LoRa,1.00,0.05,DROPPED_BY_IM
1760452949.749,323.57,-90.45,LoRa,1.00,0.05,DROPPED_BY_IM
1760452950.250,315.27,-89.41,LoRa,1.00,0.05,DROPPED_BY_IM
1760452950.751,306.98,-88.37,LoRa,1.00,0.05,DROPPED_BY_IM
1760452951.251,298.68,-87.33,LoRa,1.00,0.05,DROPPED_BY_IM
1760452951.752,290.38,-86.30,LoRa,1.00,0.05,DROPPED_BY_IM
1760452952.252,282.09,-85.26,LoRa,1.00,0.05,DROPPED_BY_IM
1760452952.753,273.79,-84.22,LoRa,1.00,0.05,DROPPED_BY_IM
1760452953.254,265.49,-83.19,LoRa,1.00,0.05,DROPPED_BY_IM
1760452953.754,257.20,-82.15,LoRa,1.00,0.05,DROPPED_BY_IM
1760452954.254,248.90,-81.11,LoRa,1.00,0.05,DROPPED_BY_IM
1760452954.755,240.60,-80.08,LoRa,1.00,0.05,DROPPED_BY_IM
1760452955.254,232.31,-79.04,LoRa,1.00,0.05,DROPPED_BY_IM
1760452955.755,224.01,-78.00,LoRa,1.00,0.05,DROPPED_BY_IM
1760452956.255,215.71,-76.96,LoRa,1.00,0.05,DROPPED_BY_IM
1760452956.756,207.42,-75.93,LoRa,1.00,0.05,DROPPED_BY_IM
1760452957.257,199.12,-74.89,LoRa,1.00,0.05,DROPPED_BY_IM
1760452957.756,190.82,-73.85,LoRa,1.00,0.05,DROPPED_BY_IM
1760452958.257,182.53,-72.82,LoRa,1.00,0.05,DROPPED_BY_IM
1760452958.757,174.23,-71.78,LoRa,1.00,0.05,DROPPED_BY_IM
1760452959.259,165.93,-70.74,LoRa,1.00,0.05,DROPPED_BY_IM
1760452959.758,157.64,-69.70,LoRa,1.00,0.05,DROPPED_BY_IM
1760452960.260,149.34,-68.67,LoRa,1.00,0.05,DROPPED_BY_IM
1760452960.759,141.04,-67.63,LoRa,1.00,0.05,DROPPED_BY_IM
1760452961.260,132.75,-66.59,LoRa,1.00,0.05,DROPPED_BY_IM
1760452961.763,124.45,-65.56,LoRa,1.00,0.05,DROPPED_BY_IM
1760452962.263,116.15,-64.52,LoRa,0.01,0.05,DROPPED_BY_IM
1760452962.763,107.86,-63.48,LoRa,0.01,0.05,DROPPED_BY_IM
1760452963.263,99.56,-62.44,LoRa,0.01,0.05,DROPPED_BY_IM
1760452963.765,91.26,-61.41,LoRa,0.01,0.05,DROPPED_BY_IM
1760452964.265,82.97,-60.37,LoRa,0.01,0.05,DROPPED_BY_IM
1760452964.765,74.67,-59.33,LoRa,0.01,0.05,DROPPED_BY_IM
1760452965.265,66.37,-58.30,LoRa,0.01,0.05,DROPPED_BY_IM
1760452965.765,58.08,-57.26,LoRa,0.01,0.05,DROPPED_BY_IM
1760452966.267,49.78,-50.00,Wi-Fi,0.01,0.05,SINGLE_WIFI
1760452966.766,41.48,-50.00,Wi-Fi,0.01,0.05,SINGLE_WIFI
1760452967.266,33.19,-50.00,Wi-Fi,0.01,0.05,SINGLE_WIFI
1760452967.767,24.89,-50.00,Wi-Fi,0.01,0.05,SINGLE_WIFI
1760452968.268,16.59,-50.00,Wi-Fi,0.01,0.05,SINGLE_WIFI
1760452968.767,8.30,-50.00,Wi-Fi,0.01,0.05,SINGLE_WIFI
1760452969.269,0.00,-50.00,Wi-Fi,0.01,0.05,SINGLE_WIFI
1760452969.770,8.30,-50.00,Wi-Fi,0.01,0.05,SINGLE_WIFI
1760452970.271,0.00,-50.00,Wi-Fi,0.01,0.05,SINGLE_WIFI
1760452970.771,8.30,-50.00,Wi-Fi,0.01,0.05,SINGLE_WIFI
1760452971.272,16.59,-50.00,Wi-Fi,0.01,0.05,SINGLE_WIFI
1760452971.772,24.89,-50.00,Wi-Fi,0.01,0.05,SINGLE_WIFI
1760452972.272,33.19,-50.00,Wi-Fi,0.01,0.05,SINGLE_WIFI
1760452972.774,41.48,-50.00,Wi-Fi,0.01,0.05,SINGLE_WIFI
1760452973.273,49.78,-50.00,Wi-Fi,0.01,0.05,SINGLE_WIFI
1760452973.775,58.08,-57.26,Wi-Fi,0.01,0.05,SINGLE_WIFI
1760452974.275,66.37,-58.30,Wi-Fi,0.01,0.05,SINGLE_WIFI
1760452974.776,74.67,-59.33,Wi-Fi,0.01,0.05,SINGLE_WIFI
1760452975.276,82.97,-60.37,LoRa,0.01,0.05,DROPPED_BY_IM
1760452975.776,91.26,-61.41,LoRa,0.01,0.05,DROPPED_BY_IM
1760452976.277,99.56,-62.44,LoRa,0.01,0.05,DROPPED_BY_IM
1760452976.779,107.86,-63.48,LoRa,0.01,0.05,DROPPED_BY_IM
1760452977.279,116.15,-64.52,LoRa,0.01,0.05,DROPPED_BY_IM
1760452977.780,124.45,-65.56,LoRa,1.00,0.05,DROPPED_BY_IM
1760452978.280,132.75,-66.59,LoRa,1.00,0.05,DROPPED_BY_IM
1760452978.781,141.04,-67.63,LoRa,1.00,0.05,DROPPED_BY_IM
1760452979.282,149.34,-68.67,LoRa,1.00,0.05,DROPPED_BY_IM
1760452979.781,157.64,-69.70,LoRa,1.00,0.05,DROPPED_BY_IM
1760452980.282,165.93,-70.74,LoRa,1.00,0.05,DROPPED_BY_IM
1760452980.782,174.23,-71.78,LoRa,1.00,0.05,DROPPED_BY_IM
1760452981.282,182.53,-72.82,LoRa,1.00,0.05,DROPPED_BY_IM
1760452981.784,190.82,-73.85,LoRa,1.00,0.05,DROPPED_BY_IM
1760452982.284,199.12,-74.89,LoRa,1.00,0.05,DROPPED_BY_IM
1760452982.784,207.42,-75.93,LoRa,1.00,0.05,DROPPED_BY_IM
1760452983.286,215.71,-76.96,LoRa,1.00,0.05,DROPPED_BY_IM
1760452983.786,224.01,-78.00,LoRa,1.00,0.05,DROPPED_BY_IM
1760452984.286,232.31,-79.04,LoRa,1.00,0.05,DROPPED_BY_IM
1760452984.787,240.60,-80.08,LoRa,1.00,0.05,DROPPED_BY_IM
1760452985.286,248.90,-81.11,LoRa,1.00,0.05,DROPPED_BY_IM
1760452985.786,257.20,-82.15,LoRa,1.00,0.05,DROPPED_BY_IM
1760452986.288,265.49,-83.19,LoRa,1.00,0.05,DROPPED_BY_IM
1760452986.789,273.79,-84.22,LoRa,1.00,0.05,DROPPED_BY_IM
1760452987.290,282.09,-85.26,LoRa,1.00,0.05,DROPPED_BY_IM
1760452987.791,290.38,-86.30,LoRa,1.00,0.05,DROPPED_BY_IM
1760452988.291,298.68,-87.33,LoRa,1.00,0.05,DROPPED_BY_IM
1760452988.792,306.98,-88.37,LoRa,1.00,0.05,DROPPED_BY_IM
1760452989.293,315.27,-89.41,LoRa,1.00,0.05,DROPPED_BY_IM
1760452989.794,323.57,-90.45,LoRa,1.00,0.05,DROPPED_BY_IM
1760452990.294,315.27,-89.41,LoRa,1.00,0.05,DROPPED_BY_IM
1760452990.794,306.98,-88.37,LoRa,1.00,0.05,DROPPED_BY_IM
1760452991.294,298.68,-87.33,LoRa,1.00,0.05,DROPPED_BY_IM
1760452991.796,290.38,-86.30,LoRa,1.00,0.05,DROPPED_BY_IM
1760452992.295,282.09,-85.26,LoRa,1.00,0.05,DROPPED_BY_IM
1760452992.797,273.79,-84.22,LoRa,1.00,0.05,DROPPED_BY_IM
1760452993.297,265.49,-83.19,LoRa,1.00,0.05,DROPPED_BY_IM
1760452993.796,257.20,-82.15,LoRa,1.00,0.05,DROPPED_BY_IM
1760452994.298,248.90,-81.11,LoRa,1.00,0.05,DROPPED_BY_IM
1760452994.799,240.60,-80.08,LoRa,1.00,0.05,DROPPED_BY_IM
1760452995.298,232.31,-79.04,LoRa,1.00,0.05,DROPPED_BY_IM
1760452995.800,224.01,-78.00,LoRa,1.00,0.05,DROPPED_BY_IM
1760452996.299,215.71,-76.96,LoRa,1.00,0.05,DROPPED_BY_IM
1760452996.799,207.42,-75.93,LoRa,1.00,0.05,DROPPED_BY_IM
1760452997.301,199.12,-74.89,LoRa,1.00,0.05,DROPPED_BY_IM
1760452997.801,190.82,-73.85,LoRa,1.00,0.05,DROPPED_BY_IM
1760452998.301,182.53,-72.82,LoRa,1.00,0.05,DROPPED_BY_IM
1760452998.802,174.23,-71.78,LoRa,1.00,0.05,DROPPED_BY_IM
1760452999.302,165.93,-70.74,LoRa,1.00,0.05,DROPPED_BY_IM
1760452999.802,157.64,-69.70,LoRa,1.00,0.05,DROPPED_BY_IM
1760453000.304,149.34,-68.67,LoRa,1.00,0.05,DROPPED_BY_IM
1760453000.804,141.04,-67.63,LoRa,1.00,0.05,DROPPED_BY_IM
1760453001.303,132.75,-66.59,LoRa,1.00,0.05,DROPPED_BY_IM
1760453001.804,124.45,-65.56,LoRa,1.00,0.05,DROPPED_BY_IM
1760453002.305,116.15,-64.52,LoRa,0.01,0.05,DROPPED_BY_IM
1760453002.805,107.86,-63.48,LoRa,0.01,0.05,DROPPED_BY_IM
1760453003.305,99.56,-62.44,LoRa,0.01,0.05,DROPPED_BY_IM
1760453003.805,91.26,-61.41,LoRa,0.01,0.05,DROPPED_BY_IM
1760453004.306,82.97,-60.37,LoRa,0.01,0.05,DROPPED_BY_IM
1760453004.807,74.67,-59.33,LoRa,0.01,0.05,DROPPED_BY_IM
1760453005.308,66.37,-58.30,LoRa,0.01,0.05,DROPPED_BY_IM
1760453005.807,58.08,-57.26,LoRa,0.01,0.05,DROPPED_BY_IM
1760453006.308,49.78,-50.00,Wi-Fi,0.01,0.05,SINGLE_WIFI
1760453006.808,41.48,-50.00,Wi-Fi,0.01,0.05,SINGLE_WIFI
1760453007.308,33.19,-50.00,Wi-Fi,0.01,0.05,SINGLE_WIFI
1760453007.809,24.89,-50.00,Wi-Fi,0.01,0.05,SINGLE_WIFI
1760453008.309,16.59,-50.00,Wi-Fi,0.01,0.05,SINGLE_WIFI
1760453008.810,8.30,-50.00,Wi-Fi,0.01,0.05,SINGLE_WIFI
1760453009.310,0.00,-50.00,Wi-Fi,0.01,0.05,SINGLE_WIFI
1760453009.814,8.30,-50.00,Wi-Fi,0.01,0.05,SINGLE_WIFI
1760453010.314,0.00,-50.00,Wi-Fi,0.01,0.05,SINGLE_WIFI
1760453010.814,8.30,-50.00,Wi-Fi,0.01,0.05,SINGLE_WIFI
1760453011.314,16.59,-50.00,Wi-Fi,0.01,0.05,SINGLE_WIFI
1760453011.815,24.89,-50.00,Wi-Fi,0.01,0.05,SINGLE_WIFI
1760453012.315,33.19,-50.00,Wi-Fi,0.01,0.05,SINGLE_WIFI
1760453012.816,41.48,-50.00,Wi-Fi,0.01,0.05,SINGLE_WIFI
1760453013.316,49.78,-50.00,Wi-Fi,0.01,0.05,SINGLE_WIFI
1760453013.817,58.08,-57.26,Wi-Fi,0.01,0.05,SINGLE_WIFI
1760453014.317,66.37,-58.30,Wi-Fi,0.01,0.05,SINGLE_WIFI
1760453014.818,74.67,-59.33,Wi-Fi,0.01,0.05,SINGLE_WIFI
1760453015.319,82.97,-60.37,LoRa,0.01,0.05,DROPPED_BY_IM
1760453015.818,91.26,-61.41,LoRa,0.01,0.05,DROPPED_BY_IM
1760453016.320,99.56,-62.44,LoRa,0.01,0.05,DROPPED_BY_IM
1760453016.819,107.86,-63.48,LoRa,0.01,0.05,DROPPED_BY_IM
1760453017.319,116.15,-64.52,LoRa,0.01,0.05,DROPPED_BY_IM
1760453017.821,124.45,-65.56,LoRa,1.00,0.05,DROPPED_BY_IM
1760453018.321,132.75,-66.59,LoRa,1.00,0.05,DROPPED_BY_IM
1760453018.822,141.04,-67.63,LoRa,1.00,0.05,DROPPED_BY_IM
1760453019.321,149.34,-68.67,LoRa,1.00,0.05,DROPPED_BY_IM
1760453019.822,157.64,-69.70,LoRa,1.00,0.05,DROPPED_BY_IM
1760453020.322,165.93,-70.74,LoRa,1.00,0.05,DROPPED_BY_IM
1760453020.823,174.23,-71.78,LoRa,1.00,0.05,DROPPED_BY_IM
1760453021.322,182.53,-72.82,LoRa,1.00,0.05,DROPPED_BY_IM
1760453021.823,190.82,-73.85,LoRa,1.00,0.05,DROPPED_BY_IM
1760453022.323,199.12,-74.89,LoRa,1.00,0.05,DROPPED_BY_IM
1760453022.824,207.42,-75.93,LoRa,1.00,0.05,DROPPED_BY_IM
1760453023.325,215.71,-76.96,LoRa,1.00,0.05,DROPPED_BY_IM
1760453023.825,224.01,-78.00,LoRa,1.00,0.05,DROPPED_BY_IM
1760453024.325,232.31,-79.04,LoRa,1.00,0.05,DROPPED_BY_IM
1760453024.826,240.60,-80.08,LoRa,1.00,0.05,DROPPED_BY_IM
1760453025.326,248.90,-81.11,LoRa,1.00,0.05,DROPPED_BY_IM
1760453025.827,257.20,-82.15,LoRa,1.00,0.05,DROPPED_BY_IM
1760453026.327,265.49,-83.19,LoRa,1.00,0.05,DROPPED_BY_IM
1760453026.828,273.79,-84.22,LoRa,1.00,0.05,DROPPED_BY_IM
1760453027.329,282.09,-85.26,LoRa,1.00,0.05,DROPPED_BY_IM
1760453027.829,290.38,-86.30,LoRa,1.00,0.05,DROPPED_BY_IM
1760453028.329,298.68,-87.33,LoRa,1.00,0.05,DROPPED_BY_IM
1760453028.831,306.98,-88.37,LoRa,1.00,0.05,DROPPED_BY_IM
1760453029.330,315.27,-89.41,LoRa,1.00,0.05,DROPPED_BY_IM
1760453029.832,323.57,-90.45,LoRa,1.00,0.05,DROPPED_BY_IM
1760453030.332,315.27,-89.41,LoRa,1.00,0.05,DROPPED_BY_IM
1760453030.833,306.98,-88.37,LoRa,1.00,0.05,DROPPED_BY_IM
1760453031.334,298.68,-87.33,LoRa,1.00,0.05,DROPPED_BY_IM
1760453031.834,290.38,-86.30,LoRa,1.00,0.05,DROPPED_BY_IM
1760453032.334,282.09,-85.26,LoRa,1.00,0.05,DROPPED_BY_IM
1760453032.835,273.79,-84.22,LoRa,1.00,0.05,DROPPED_BY_IM
1760453033.336,265.49,-83.19,LoRa,1.00,0.05,DROPPED_BY_IM
1760453033.836,257.20,-82.15,LoRa,1.00,0.05,DROPPED_BY_IM
1760453034.337,248.90,-81.11,LoRa,1.00,0.05,DROPPED_BY_IM
1760453034.837,240.60,-80.08,LoRa,1.00,0.05,DROPPED_BY_IM
1760453035.338,232.31,-79.04,LoRa,1.00,0.05,DROPPED_BY_IM
1760453035.838,224.01,-78.00,LoRa,1.00,0.05,DROPPED_BY_IM
1760453036.339,215.71,-76.96,LoRa,1.00,0.05,DROPPED_BY_IM
1760453036.839,207.42,-75.93,LoRa,1.00,0.05,DROPPED_BY_IM
1760453037.341,199.12,-74.89,LoRa,1.00,0.05,DROPPED_BY_IM
1760453037.840,190.82,-73.85,LoRa,1.00,0.05,DROPPED_BY_IM
1760453038.341,182.53,-72.82,LoRa,1.00,0.05,DROPPED_BY_IM
1760453038.841,174.23,-71.78,LoRa,1.00,0.05,DROPPED_BY_IM
1760453039.342,165.93,-70.74,LoRa,1.00,0.05,DROPPED_BY_IM
1760453039.842,157.64,-69.70,LoRa,1.00,0.05,DROPPED_BY_IM
1760453040.342,149.34,-68.67,LoRa,1.00,0.05,DROPPED_BY_IM
1760453040.844,141.04,-67.63,LoRa,1.00,0.05,DROPPED_BY_IM
1760453041.345,132.75,-66.59,LoRa,1.00,0.05,DROPPED_BY_IM
1760453041.845,124.45,-65.56,LoRa,1.00,0.05,DROPPED_BY_IM
1760453042.345,116.15,-64.52,LoRa,0.01,0.05,DROPPED_BY_IM
1760453042.845,107.86,-63.48,LoRa,0.01,0.05,DROPPED_BY_IM
1760453043.345,99.56,-62.44,LoRa,0.01,0.05,DROPPED_BY_IM
1760453043.847,91.26,-61.41,LoRa,0.01,0.05,DROPPED_BY_IM
1760453044.347,82.97,-60.37,LoRa,0.01,0.05,DROPPED_BY_IM
1760453044.847,74.67,-59.33,LoRa,0.01,0.05,DROPPED_BY_IM
1760453045.347,66.37,-58.30,LoRa,0.01,0.05,DROPPED_BY_IM
1760453045.848,58.08,-57.26,LoRa,0.01,0.05,DROPPED_BY_IM
1760453046.348,49.78,-50.00,Wi-Fi,0.01,0.05,SINGLE_WIFI
1760453046.850,41.48,-50.00,Wi-Fi,0.01,0.05,SINGLE_WIFI
1760453047.351,33.19,-50.00,Wi-Fi,0.01,0.05,SINGLE_WIFI
1760453047.851,24.89,-50.00,Wi-Fi,0.01,0.05,SINGLE_WIFI
1760453048.350,16.59,-50.00,Wi-Fi,0.01,0.05,SINGLE_WIFI
1760453048.852,8.30,-50.00,Wi-Fi,0.01,0.05,SINGLE_WIFI
1760453049.352,0.00,-50.00,Wi-Fi,0.01,0.05,SINGLE_WIFI
1760453050.590,8.30,-50.00,Wi-Fi,0.01,0.05,SINGLE_WIFI
1760453051.091,0.00,-50.00,Wi-Fi,0.01,0.05,SINGLE_WIFI
1760453051.591,8.30,-50.00,Wi-Fi,0.01,0.05,SINGLE_WIFI
